[
{
    "model": "auth.permission",
    "pk": 1,
    "fields": {
        "name": "Can add log entry",
        "content_type": 1,
        "codename": "add_logentry"
    }
},
{
    "model": "auth.permission",
    "pk": 2,
    "fields": {
        "name": "Can change log entry",
        "content_type": 1,
        "codename": "change_logentry"
    }
},
{
    "model": "auth.permission",
    "pk": 3,
    "fields": {
        "name": "Can delete log entry",
        "content_type": 1,
        "codename": "delete_logentry"
    }
},
{
    "model": "auth.permission",
    "pk": 4,
    "fields": {
        "name": "Can view log entry",
        "content_type": 1,
        "codename": "view_logentry"
    }
},
{
    "model": "auth.permission",
    "pk": 5,
    "fields": {
        "name": "Can add permission",
        "content_type": 2,
        "codename": "add_permission"
    }
},
{
    "model": "auth.permission",
    "pk": 6,
    "fields": {
        "name": "Can change permission",
        "content_type": 2,
        "codename": "change_permission"
    }
},
{
    "model": "auth.permission",
    "pk": 7,
    "fields": {
        "name": "Can delete permission",
        "content_type": 2,
        "codename": "delete_permission"
    }
},
{
    "model": "auth.permission",
    "pk": 8,
    "fields": {
        "name": "Can view permission",
        "content_type": 2,
        "codename": "view_permission"
    }
},
{
    "model": "auth.permission",
    "pk": 9,
    "fields": {
        "name": "Can add group",
        "content_type": 3,
        "codename": "add_group"
    }
},
{
    "model": "auth.permission",
    "pk": 10,
    "fields": {
        "name": "Can change group",
        "content_type": 3,
        "codename": "change_group"
    }
},
{
    "model": "auth.permission",
    "pk": 11,
    "fields": {
        "name": "Can delete group",
        "content_type": 3,
        "codename": "delete_group"
    }
},
{
    "model": "auth.permission",
    "pk": 12,
    "fields": {
        "name": "Can view group",
        "content_type": 3,
        "codename": "view_group"
    }
},
{
    "model": "auth.permission",
    "pk": 13,
    "fields": {
        "name": "Can add user",
        "content_type": 4,
        "codename": "add_user"
    }
},
{
    "model": "auth.permission",
    "pk": 14,
    "fields": {
        "name": "Can change user",
        "content_type": 4,
        "codename": "change_user"
    }
},
{
    "model": "auth.permission",
    "pk": 15,
    "fields": {
        "name": "Can delete user",
        "content_type": 4,
        "codename": "delete_user"
    }
},
{
    "model": "auth.permission",
    "pk": 16,
    "fields": {
        "name": "Can view user",
        "content_type": 4,
        "codename": "view_user"
    }
},
{
    "model": "auth.permission",
    "pk": 17,
    "fields": {
        "name": "Can add content type",
        "content_type": 5,
        "codename": "add_contenttype"
    }
},
{
    "model": "auth.permission",
    "pk": 18,
    "fields": {
        "name": "Can change content type",
        "content_type": 5,
        "codename": "change_contenttype"
    }
},
{
    "model": "auth.permission",
    "pk": 19,
    "fields": {
        "name": "Can delete content type",
        "content_type": 5,
        "codename": "delete_contenttype"
    }
},
{
    "model": "auth.permission",
    "pk": 20,
    "fields": {
        "name": "Can view content type",
        "content_type": 5,
        "codename": "view_contenttype"
    }
},
{
    "model": "auth.permission",
    "pk": 21,
    "fields": {
        "name": "Can add session",
        "content_type": 6,
        "codename": "add_session"
    }
},
{
    "model": "auth.permission",
    "pk": 22,
    "fields": {
        "name": "Can change session",
        "content_type": 6,
        "codename": "change_session"
    }
},
{
    "model": "auth.permission",
    "pk": 23,
    "fields": {
        "name": "Can delete session",
        "content_type": 6,
        "codename": "delete_session"
    }
},
{
    "model": "auth.permission",
    "pk": 24,
    "fields": {
        "name": "Can view session",
        "content_type": 6,
        "codename": "view_session"
    }
},
{
    "model": "auth.permission",
    "pk": 25,
    "fields": {
        "name": "Can add destino",
        "content_type": 7,
        "codename": "add_destino"
    }
},
{
    "model": "auth.permission",
    "pk": 26,
    "fields": {
        "name": "Can change destino",
        "content_type": 7,
        "codename": "change_destino"
    }
},
{
    "model": "auth.permission",
    "pk": 27,
    "fields": {
        "name": "Can delete destino",
        "content_type": 7,
        "codename": "delete_destino"
    }
},
{
    "model": "auth.permission",
    "pk": 28,
    "fields": {
        "name": "Can view destino",
        "content_type": 7,
        "codename": "view_destino"
    }
},
{
    "model": "auth.permission",
    "pk": 29,
    "fields": {
        "name": "Can add extra",
        "content_type": 8,
        "codename": "add_extra"
    }
},
{
    "model": "auth.permission",
    "pk": 30,
    "fields": {
        "name": "Can change extra",
        "content_type": 8,
        "codename": "change_extra"
    }
},
{
    "model": "auth.permission",
    "pk": 31,
    "fields": {
        "name": "Can delete extra",
        "content_type": 8,
        "codename": "delete_extra"
    }
},
{
    "model": "auth.permission",
    "pk": 32,
    "fields": {
        "name": "Can view extra",
        "content_type": 8,
        "codename": "view_extra"
    }
},
{
    "model": "auth.permission",
    "pk": 33,
    "fields": {
        "name": "Can add pasaporte",
        "content_type": 9,
        "codename": "add_pasaporte"
    }
},
{
    "model": "auth.permission",
    "pk": 34,
    "fields": {
        "name": "Can change pasaporte",
        "content_type": 9,
        "codename": "change_pasaporte"
    }
},
{
    "model": "auth.permission",
    "pk": 35,
    "fields": {
        "name": "Can delete pasaporte",
        "content_type": 9,
        "codename": "delete_pasaporte"
    }
},
{
    "model": "auth.permission",
    "pk": 36,
    "fields": {
        "name": "Can view pasaporte",
        "content_type": 9,
        "codename": "view_pasaporte"
    }
},
{
    "model": "auth.permission",
    "pk": 37,
    "fields": {
        "name": "Can add reserva",
        "content_type": 10,
        "codename": "add_reserva"
    }
},
{
    "model": "auth.permission",
    "pk": 38,
    "fields": {
        "name": "Can change reserva",
        "content_type": 10,
        "codename": "change_reserva"
    }
},
{
    "model": "auth.permission",
    "pk": 39,
    "fields": {
        "name": "Can delete reserva",
        "content_type": 10,
        "codename": "delete_reserva"
    }
},
{
    "model": "auth.permission",
    "pk": 40,
    "fields": {
        "name": "Can view reserva",
        "content_type": 10,
        "codename": "view_reserva"
    }
},
{
    "model": "auth.permission",
    "pk": 41,
    "fields": {
        "name": "Can add usuario",
        "content_type": 11,
        "codename": "add_usuario"
    }
},
{
    "model": "auth.permission",
    "pk": 42,
    "fields": {
        "name": "Can change usuario",
        "content_type": 11,
        "codename": "change_usuario"
    }
},
{
    "model": "auth.permission",
    "pk": 43,
    "fields": {
        "name": "Can delete usuario",
        "content_type": 11,
        "codename": "delete_usuario"
    }
},
{
    "model": "auth.permission",
    "pk": 44,
    "fields": {
        "name": "Can view usuario",
        "content_type": 11,
        "codename": "view_usuario"
    }
},
{
    "model": "auth.permission",
    "pk": 45,
    "fields": {
        "name": "Can add alojamiento",
        "content_type": 12,
        "codename": "add_alojamiento"
    }
},
{
    "model": "auth.permission",
    "pk": 46,
    "fields": {
        "name": "Can change alojamiento",
        "content_type": 12,
        "codename": "change_alojamiento"
    }
},
{
    "model": "auth.permission",
    "pk": 47,
    "fields": {
        "name": "Can delete alojamiento",
        "content_type": 12,
        "codename": "delete_alojamiento"
    }
},
{
    "model": "auth.permission",
    "pk": 48,
    "fields": {
        "name": "Can view alojamiento",
        "content_type": 12,
        "codename": "view_alojamiento"
    }
},
{
    "model": "auth.permission",
    "pk": 49,
    "fields": {
        "name": "Can add promocion",
        "content_type": 13,
        "codename": "add_promocion"
    }
},
{
    "model": "auth.permission",
    "pk": 50,
    "fields": {
        "name": "Can change promocion",
        "content_type": 13,
        "codename": "change_promocion"
    }
},
{
    "model": "auth.permission",
    "pk": 51,
    "fields": {
        "name": "Can delete promocion",
        "content_type": 13,
        "codename": "delete_promocion"
    }
},
{
    "model": "auth.permission",
    "pk": 52,
    "fields": {
        "name": "Can view promocion",
        "content_type": 13,
        "codename": "view_promocion"
    }
},
{
    "model": "auth.permission",
    "pk": 53,
    "fields": {
        "name": "Can add factura",
        "content_type": 14,
        "codename": "add_factura"
    }
},
{
    "model": "auth.permission",
    "pk": 54,
    "fields": {
        "name": "Can change factura",
        "content_type": 14,
        "codename": "change_factura"
    }
},
{
    "model": "auth.permission",
    "pk": 55,
    "fields": {
        "name": "Can delete factura",
        "content_type": 14,
        "codename": "delete_factura"
    }
},
{
    "model": "auth.permission",
    "pk": 56,
    "fields": {
        "name": "Can view factura",
        "content_type": 14,
        "codename": "view_factura"
    }
},
{
    "model": "auth.permission",
    "pk": 57,
    "fields": {
        "name": "Can add extra reserva",
        "content_type": 15,
        "codename": "add_extrareserva"
    }
},
{
    "model": "auth.permission",
    "pk": 58,
    "fields": {
        "name": "Can change extra reserva",
        "content_type": 15,
        "codename": "change_extrareserva"
    }
},
{
    "model": "auth.permission",
    "pk": 59,
    "fields": {
        "name": "Can delete extra reserva",
        "content_type": 15,
        "codename": "delete_extrareserva"
    }
},
{
    "model": "auth.permission",
    "pk": 60,
    "fields": {
        "name": "Can view extra reserva",
        "content_type": 15,
        "codename": "view_extrareserva"
    }
},
{
    "model": "auth.permission",
    "pk": 61,
    "fields": {
        "name": "Can add transporte",
        "content_type": 16,
        "codename": "add_transporte"
    }
},
{
    "model": "auth.permission",
    "pk": 62,
    "fields": {
        "name": "Can change transporte",
        "content_type": 16,
        "codename": "change_transporte"
    }
},
{
    "model": "auth.permission",
    "pk": 63,
    "fields": {
        "name": "Can delete transporte",
        "content_type": 16,
        "codename": "delete_transporte"
    }
},
{
    "model": "auth.permission",
    "pk": 64,
    "fields": {
        "name": "Can view transporte",
        "content_type": 16,
        "codename": "view_transporte"
    }
},
{
    "model": "auth.permission",
    "pk": 65,
    "fields": {
        "name": "Can add comentario",
        "content_type": 17,
        "codename": "add_comentario"
    }
},
{
    "model": "auth.permission",
    "pk": 66,
    "fields": {
        "name": "Can change comentario",
        "content_type": 17,
        "codename": "change_comentario"
    }
},
{
    "model": "auth.permission",
    "pk": 67,
    "fields": {
        "name": "Can delete comentario",
        "content_type": 17,
        "codename": "delete_comentario"
    }
},
{
    "model": "auth.permission",
    "pk": 68,
    "fields": {
        "name": "Can view comentario",
        "content_type": 17,
        "codename": "view_comentario"
    }
},
{
    "model": "contenttypes.contenttype",
    "pk": 1,
    "fields": {
        "app_label": "admin",
        "model": "logentry"
    }
},
{
    "model": "contenttypes.contenttype",
    "pk": 2,
    "fields": {
        "app_label": "auth",
        "model": "permission"
    }
},
{
    "model": "contenttypes.contenttype",
    "pk": 3,
    "fields": {
        "app_label": "auth",
        "model": "group"
    }
},
{
    "model": "contenttypes.contenttype",
    "pk": 4,
    "fields": {
        "app_label": "auth",
        "model": "user"
    }
},
{
    "model": "contenttypes.contenttype",
    "pk": 5,
    "fields": {
        "app_label": "contenttypes",
        "model": "contenttype"
    }
},
{
    "model": "contenttypes.contenttype",
    "pk": 6,
    "fields": {
        "app_label": "sessions",
        "model": "session"
    }
},
{
    "model": "contenttypes.contenttype",
    "pk": 7,
    "fields": {
        "app_label": "viajes",
        "model": "destino"
    }
},
{
    "model": "contenttypes.contenttype",
    "pk": 8,
    "fields": {
        "app_label": "viajes",
        "model": "extra"
    }
},
{
    "model": "contenttypes.contenttype",
    "pk": 9,
    "fields": {
        "app_label": "viajes",
        "model": "pasaporte"
    }
},
{
    "model": "contenttypes.contenttype",
    "pk": 10,
    "fields": {
        "app_label": "viajes",
        "model": "reserva"
    }
},
{
    "model": "contenttypes.contenttype",
    "pk": 11,
    "fields": {
        "app_label": "viajes",
        "model": "usuario"
    }
},
{
    "model": "contenttypes.contenttype",
    "pk": 12,
    "fields": {
        "app_label": "viajes",
        "model": "alojamiento"
    }
},
{
    "model": "contenttypes.contenttype",
    "pk": 13,
    "fields": {
        "app_label": "viajes",
        "model": "promocion"
    }
},
{
    "model": "contenttypes.contenttype",
    "pk": 14,
    "fields": {
        "app_label": "viajes",
        "model": "factura"
    }
},
{
    "model": "contenttypes.contenttype",
    "pk": 15,
    "fields": {
        "app_label": "viajes",
        "model": "extrareserva"
    }
},
{
    "model": "contenttypes.contenttype",
    "pk": 16,
    "fields": {
        "app_label": "viajes",
        "model": "transporte"
    }
},
{
    "model": "contenttypes.contenttype",
    "pk": 17,
    "fields": {
        "app_label": "viajes",
        "model": "comentario"
    }
},
{
    "model": "viajes.usuario",
    "pk": 1,
    "fields": {
        "nombre": "Seem station wide stay. Game describe strong wish unit size option.\nHis son group card glass nor.\nBaby imagine compare maintain part morning. Garden particularly by others huge five.",
        "correo": "justinlevy@example.org",
        "telefono": "Health light.",
        "edad": 7557,
        "contraseña": "Hard of read long suddenly. Different media charge general. Game movement account stuff message spend.",
        "fecha_registro": "2010-05-15"
    }
},
{
    "model": "viajes.usuario",
    "pk": 2,
    "fields": {
        "nombre": "Morning floor relationship ever your teach. Child available interest model nor during former.\nEven need quality. President as continue laugh.",
        "correo": "ugibbs@example.com",
        "telefono": "Draw war involve.",
        "edad": 28572,
        "contraseña": "Dream actually speak weight help point. Pull total collection. Better serious hair follow.\nWhich type list. Conference pull human. Anything enough message enter.",
        "fecha_registro": "1984-01-17"
    }
},
{
    "model": "viajes.usuario",
    "pk": 3,
    "fields": {
        "nombre": "Build other bring author. Present science herself third listen yard class.\nHuge process will wish important. Rule they plan song type.",
        "correo": "mvega@example.org",
        "telefono": "Beyond against sell.",
        "edad": -5452,
        "contraseña": "Defense visit yourself west child. My help enter. World movement similar cell child.\nBehind call assume today be. Center positive still recognize similar whether.",
        "fecha_registro": "2000-09-02"
    }
},
{
    "model": "viajes.usuario",
    "pk": 4,
    "fields": {
        "nombre": "Style sister accept. Small activity once newspaper then quality. Peace debate wear light less property participant.\nSame increase business a experience. Price hear maintain decide.",
        "correo": "heather97@example.net",
        "telefono": "Officer something.",
        "edad": 10861,
        "contraseña": "Tax data paper cup than them less dark. Unit debate begin back our kind fill. Question three away try necessary physical over.\nBorn modern marriage black. Speak you detail light.",
        "fecha_registro": "2021-09-10"
    }
},
{
    "model": "viajes.usuario",
    "pk": 5,
    "fields": {
        "nombre": "At everybody what station exactly at. Issue glass with direction while all natural. Record agreement for get concern investment to fear.",
        "correo": "ronalddelgado@example.com",
        "telefono": "Heavy news think.",
        "edad": -21324,
        "contraseña": "Perhaps suddenly two program voice operation. Fly event short my open series.\nNeed support drug reality. Huge near camera again to on official strategy. Rise mention section market back successful.",
        "fecha_registro": "2010-06-02"
    }
},
{
    "model": "viajes.usuario",
    "pk": 6,
    "fields": {
        "nombre": "Way must why wide. Lose fear occur something treatment.\nPlan military picture on tax race reveal. Mean series wear.\nProfessor free near car.",
        "correo": "mwarren@example.org",
        "telefono": "Statement six enjoy.",
        "edad": 11457,
        "contraseña": "Create employee race throughout unit property pattern. Everybody accept main financial treat resource.\nTough race community hope line. During his class view campaign center.",
        "fecha_registro": "1976-06-30"
    }
},
{
    "model": "viajes.usuario",
    "pk": 7,
    "fields": {
        "nombre": "Place just else draw. Party answer site boy source role difficult spring. South art arrive identify woman fall.",
        "correo": "teresa06@example.org",
        "telefono": "Begin exactly.",
        "edad": 13252,
        "contraseña": "Well room PM feeling value. Real idea some late explain economy least. Set beyond sport shake.\nAgo other management official address. Guess clearly over available up.",
        "fecha_registro": "1981-07-24"
    }
},
{
    "model": "viajes.usuario",
    "pk": 8,
    "fields": {
        "nombre": "Lawyer sport lawyer say they memory write.\nTheir data nation nothing lose me green.\nChurch lawyer cup phone successful move. Republican door newspaper new.",
        "correo": "blane@example.org",
        "telefono": "Whom change worker.",
        "edad": -6489,
        "contraseña": "Soldier weight movement morning. Contain meet network market book hour. Attack head population reflect itself according control middle.",
        "fecha_registro": "2019-02-17"
    }
},
{
    "model": "viajes.usuario",
    "pk": 9,
    "fields": {
        "nombre": "Easy way hold western its late center scene. Least born story walk. Most sea personal institution form.\nMyself trial skill sell. Issue instead true win level company generation.",
        "correo": "kevin38@example.com",
        "telefono": "Expect son truth.",
        "edad": -27020,
        "contraseña": "Hard improve from cut bad source treatment produce. But walk under tough nature serve.",
        "fecha_registro": "1986-05-10"
    }
},
{
    "model": "viajes.usuario",
    "pk": 10,
    "fields": {
        "nombre": "Baby of be unit executive blue.\nIn meeting pay. Nice north pay become speak successful ask. Control have choose wrong participant cultural fire risk.",
        "correo": "smorgan@example.net",
        "telefono": "Pay response vote.",
        "edad": -6095,
        "contraseña": "Wall respond mind for before movie. Center knowledge eight actually. Half and consider student laugh focus stop.",
        "fecha_registro": "1999-08-08"
    }
},
{
    "model": "viajes.usuario",
    "pk": 11,
    "fields": {
        "nombre": "Debate plan election drop trade during. Up course bring any actually or resource. Already level so whatever long.",
        "correo": "ureid@example.net",
        "telefono": "Answer old.",
        "edad": 2639,
        "contraseña": "Discussion few window risk experience both beautiful. Model design president second few argue may. End idea magazine city step watch must. Analysis history pick spend player choose but.",
        "fecha_registro": "1989-09-17"
    }
},
{
    "model": "viajes.usuario",
    "pk": 12,
    "fields": {
        "nombre": "Stage answer before environmental wife pay. Little claim clear near.\nSide main three person reach. Free store off.",
        "correo": "robert52@example.net",
        "telefono": "Social least.",
        "edad": 14055,
        "contraseña": "Far water support forget century despite. Guy need brother even order.\nResource stay customer old stand blood painting participant.",
        "fecha_registro": "2017-07-22"
    }
},
{
    "model": "viajes.usuario",
    "pk": 13,
    "fields": {
        "nombre": "Entire include start him recognize work bill. Simply we several tend public central nice.\nFirm interesting decade article nice relate. Imagine yard all also everybody test.",
        "correo": "eevans@example.org",
        "telefono": "Specific today new.",
        "edad": 6768,
        "contraseña": "Marriage ready positive enjoy enough should. Remain worry clearly professor management particular stock.",
        "fecha_registro": "1975-06-03"
    }
},
{
    "model": "viajes.usuario",
    "pk": 14,
    "fields": {
        "nombre": "Sea serve air network authority recently car model.\nIssue young mean about family. Material hand go not why note. Tree including short enjoy bed others.",
        "correo": "justinhart@example.org",
        "telefono": "Cultural past often.",
        "edad": 24062,
        "contraseña": "Itself wish south because. State study some treat. Effort own shoulder writer total.\nField item authority moment debate. Keep seven future minute. Term employee voice remember control.",
        "fecha_registro": "1991-02-08"
    }
},
{
    "model": "viajes.usuario",
    "pk": 15,
    "fields": {
        "nombre": "Expert kid special ready. Pretty event up look order practice.\nPurpose life itself discuss represent. Away summer guess assume large budget.",
        "correo": "paul24@example.net",
        "telefono": "Ok fear during.",
        "edad": -28747,
        "contraseña": "Us take successful force star four win. Usually pretty discover create music necessary.\nElection professional story any structure. Activity administration fire huge. Significant card but either rest.",
        "fecha_registro": "1982-09-27"
    }
},
{
    "model": "viajes.usuario",
    "pk": 16,
    "fields": {
        "nombre": "Subject play history candidate. Air picture toward toward floor then would. Character wait drop everyone create.",
        "correo": "uwatkins@example.net",
        "telefono": "Gas difficult.",
        "edad": -9733,
        "contraseña": "Box language thing third. Democrat really manager. Cup animal police.\nLet special area her how usually note. Level mention physical wear.",
        "fecha_registro": "1975-05-07"
    }
},
{
    "model": "viajes.usuario",
    "pk": 17,
    "fields": {
        "nombre": "Thank none not. Must save enjoy eight success already woman. School try party sometimes forget.",
        "correo": "ginaperez@example.com",
        "telefono": "Return next usually.",
        "edad": 26490,
        "contraseña": "Stock including lose wrong describe course. Business box nothing.\nGuess stop cover bag. Performance avoid major garden.\nRelationship painting best very rest form. Have exist team chance south.",
        "fecha_registro": "1990-09-29"
    }
},
{
    "model": "viajes.usuario",
    "pk": 18,
    "fields": {
        "nombre": "Mouth degree million. Require then rather book series fast. Anyone bill red question think fly sound.",
        "correo": "jeremiahrussell@example.net",
        "telefono": "South out within.",
        "edad": 24981,
        "contraseña": "Soldier listen instead less. Expert manager teacher from data.",
        "fecha_registro": "2021-01-03"
    }
},
{
    "model": "viajes.usuario",
    "pk": 19,
    "fields": {
        "nombre": "Prove mission cold two image. Address choice want.\nWould senior picture floor drive. Law stop station discuss guess manage whole bed. Spend whom industry star why prove.",
        "correo": "scott38@example.net",
        "telefono": "Give people bed.",
        "edad": -8402,
        "contraseña": "Look ago child many scientist. Since low be personal agree movement. No read option develop movement forget.\nChange it city night rule. Friend answer reflect result. Everything financial third.",
        "fecha_registro": "1984-04-02"
    }
},
{
    "model": "viajes.usuario",
    "pk": 20,
    "fields": {
        "nombre": "Yet describe pull college million. Voice customer none he matter enter. Turn sometimes seek long author.\nEven here worry physical hundred. Popular state land seat rate. Note how oil remember now.",
        "correo": "tammie10@example.org",
        "telefono": "Professor society.",
        "edad": -12399,
        "contraseña": "Author simple professional do senior increase. Which behind catch seven I.\nHope picture relate. Well Democrat note he that. Market me through.\nHe six dream accept. One hit better foreign career.",
        "fecha_registro": "2022-09-29"
    }
},
{
    "model": "viajes.usuario",
    "pk": 21,
    "fields": {
        "nombre": "Several three let beautiful rise.\nPlay sense any parent sure agreement key. Continue point describe evening night.",
        "correo": "christina33@example.org",
        "telefono": "Group record fight.",
        "edad": -9682,
        "contraseña": "Whole since yard stand prove. Peace drive other have way.\nIn newspaper accept risk second. Provide much speech author without section least. Indicate how stage tax teacher.",
        "fecha_registro": "2003-05-30"
    }
},
{
    "model": "viajes.usuario",
    "pk": 22,
    "fields": {
        "nombre": "Oil power fill somebody pretty defense floor. Available month cold position outside. Television television card raise hair street star hundred.",
        "correo": "richard96@example.com",
        "telefono": "Around cell house.",
        "edad": -8522,
        "contraseña": "Carry coach training side. Special spend might room but. Company southern pattern sport man. Get open talk.\nSure drive represent while put participant. No hot note lay player.",
        "fecha_registro": "2008-03-29"
    }
},
{
    "model": "viajes.usuario",
    "pk": 23,
    "fields": {
        "nombre": "By partner case most main. Play difficult their relate interest war. Try today produce watch any.\nRadio station scene organization. Set just out kid she.",
        "correo": "marie42@example.net",
        "telefono": "Mrs now town case.",
        "edad": 30460,
        "contraseña": "Do position allow machine sometimes money whether build. Four off find response sure paper.\nForce respond reality prevent.\nSocial guy create north candidate.",
        "fecha_registro": "1996-08-20"
    }
},
{
    "model": "viajes.usuario",
    "pk": 24,
    "fields": {
        "nombre": "Culture cost follow those seven low finish. Morning marriage long power seek someone. Entire right fill.\nAdministration far big despite record affect possible.",
        "correo": "richardsonjoy@example.net",
        "telefono": "Industry pick unit.",
        "edad": 16772,
        "contraseña": "Second key family hospital class daughter. Instead born month again grow appear. Western newspaper shoulder source hope left.",
        "fecha_registro": "1998-03-05"
    }
},
{
    "model": "viajes.usuario",
    "pk": 25,
    "fields": {
        "nombre": "Above design particular base like anything assume. Economic threat discuss enough across. Future smile accept wife.\nAnything too relationship. Carry image hospital ability should oil.",
        "correo": "cardenaschad@example.com",
        "telefono": "Feel decade address.",
        "edad": 7491,
        "contraseña": "War realize idea heart create. Night become suffer shoulder cell.\nInstitution plant car western fear. Our series ok listen old conference apply add.",
        "fecha_registro": "2012-04-20"
    }
},
{
    "model": "viajes.usuario",
    "pk": 26,
    "fields": {
        "nombre": "Memory customer plant author data matter toward high. Take say claim ask American language three away. Step skin notice imagine. It generation Mrs gas.",
        "correo": "penajames@example.com",
        "telefono": "Approach star.",
        "edad": 13334,
        "contraseña": "Week can pick boy race series. Including bring nothing media.\nBed traditional it win a weight particular. Quickly sing health everybody face.",
        "fecha_registro": "1984-10-06"
    }
},
{
    "model": "viajes.usuario",
    "pk": 27,
    "fields": {
        "nombre": "Network statement activity citizen fact effect weight. Indeed fund situation radio ten child step.",
        "correo": "jamesdavis@example.net",
        "telefono": "Actually within.",
        "edad": -8852,
        "contraseña": "Among window mouth get action. Behavior local require like Republican course these. Personal see suffer fund left artist.\nLeast lot speak activity general large today. Since issue military suffer.",
        "fecha_registro": "2005-07-22"
    }
},
{
    "model": "viajes.usuario",
    "pk": 28,
    "fields": {
        "nombre": "Performance wide sometimes people physical another positive. Daughter remain worker newspaper box dinner. Particularly whom theory every whose yard hair mention.",
        "correo": "znichols@example.net",
        "telefono": "His research law.",
        "edad": -22741,
        "contraseña": "Else similar alone sell. Budget money road. Nor how husband write somebody.\nPartner station probably future. Point ever attention affect.",
        "fecha_registro": "1978-01-07"
    }
},
{
    "model": "viajes.usuario",
    "pk": 29,
    "fields": {
        "nombre": "Scientist already near news city contain. Real sometimes experience story. Character everybody arrive face play.",
        "correo": "aimeethomas@example.org",
        "telefono": "Leave whatever cup.",
        "edad": 31416,
        "contraseña": "Middle get themselves apply pull significant others.\nPolice thousand century apply doctor good. Unit play above meeting travel.\nLet everything protect prevent million walk.",
        "fecha_registro": "2021-03-09"
    }
},
{
    "model": "viajes.usuario",
    "pk": 30,
    "fields": {
        "nombre": "Term nature blood scene. Task color source. Instead baby huge clear increase probably.\nSkill product economic teach. Not wish business learn. Near girl business thing themselves blue receive.",
        "correo": "howardangela@example.org",
        "telefono": "Without relate body.",
        "edad": -32026,
        "contraseña": "Direction hotel five reduce. Coach eight no major. Modern Congress remain officer suggest concern.",
        "fecha_registro": "2018-03-15"
    }
},
{
    "model": "viajes.usuario",
    "pk": 31,
    "fields": {
        "nombre": "Close commercial although miss sit. Race answer blood marriage vote source administration. Democratic all idea although.",
        "correo": "jeremiahhayes@example.com",
        "telefono": "Improve pay fast.",
        "edad": 2963,
        "contraseña": "Area character which accept all. Marriage father everybody practice. Table turn should body crime attention various.",
        "fecha_registro": "1974-02-16"
    }
},
{
    "model": "viajes.usuario",
    "pk": 32,
    "fields": {
        "nombre": "Such yourself organization matter attack though protect. Newspaper election produce able.\nSet thought true certainly usually. Least too early source power.",
        "correo": "katrinaadams@example.net",
        "telefono": "Smile wind same.",
        "edad": 29771,
        "contraseña": "Room we hard green threat treat table. Assume memory increase coach analysis live scene structure.",
        "fecha_registro": "2005-11-26"
    }
},
{
    "model": "viajes.usuario",
    "pk": 33,
    "fields": {
        "nombre": "Including measure chance. Growth where more into five music strong. Information out into.\nTeacher painting yard among prevent campaign parent. College something year draw.",
        "correo": "justin74@example.com",
        "telefono": "Ask believe thank.",
        "edad": -5558,
        "contraseña": "Event fire new standard blood generation international soldier. Notice consider itself. Stay short on throughout available.\nBehind part then reality watch later. During time your exist.",
        "fecha_registro": "1998-05-17"
    }
},
{
    "model": "viajes.usuario",
    "pk": 34,
    "fields": {
        "nombre": "Understand home own eat option mind four.\nBed lot management clear clear speech popular. Budget become back everyone.",
        "correo": "lovedaniel@example.com",
        "telefono": "Property next.",
        "edad": 14899,
        "contraseña": "Key value life participant price box. Attack experience a painting doctor myself too.\nBusiness be term hear despite itself seem. Whole eight pull pretty marriage because.",
        "fecha_registro": "2002-08-01"
    }
},
{
    "model": "viajes.usuario",
    "pk": 35,
    "fields": {
        "nombre": "In same tend resource coach thousand treat. Page opportunity church writer more forget. Design coach lot behind.\nNice wall style rise school. Opportunity society simple point begin sing.",
        "correo": "maldonadolori@example.org",
        "telefono": "Customer want.",
        "edad": 28164,
        "contraseña": "Police rate assume professor. Pattern until event worker theory.\nQuite though bag operation. Speech maybe seem by. Contain necessary drive read.",
        "fecha_registro": "1981-06-03"
    }
},
{
    "model": "viajes.usuario",
    "pk": 36,
    "fields": {
        "nombre": "Spend nearly late stand discussion establish attack. Must risk admit body chance.\nRecently miss recent set smile better girl. Drug ability lose can north win mission.",
        "correo": "areeves@example.org",
        "telefono": "Major cut alone.",
        "edad": -18238,
        "contraseña": "Economy high keep plan hit movie tree. Onto floor dog example who level. Open within water still.",
        "fecha_registro": "2017-12-01"
    }
},
{
    "model": "viajes.usuario",
    "pk": 37,
    "fields": {
        "nombre": "If north city fill face play. Miss move cultural person shoulder kind. Citizen break offer.\nRoad piece anything exactly amount decision.\nVoice tend guess traditional. Line compare per too.",
        "correo": "ambersullivan@example.net",
        "telefono": "Buy network bar.",
        "edad": 17659,
        "contraseña": "Woman magazine him nothing choice stage question thing. Away fly figure total how practice avoid.",
        "fecha_registro": "1975-11-17"
    }
},
{
    "model": "viajes.usuario",
    "pk": 38,
    "fields": {
        "nombre": "Myself eight head stock book fund. Computer design experience fund student cultural rock.\nNext former market ready. Discuss single teach behavior study organization.\nPay reduce person view.",
        "correo": "chungcatherine@example.com",
        "telefono": "Which expect best.",
        "edad": -11327,
        "contraseña": "Add with hear mission thank indeed. Seek heart case beyond him. White social trouble ahead.",
        "fecha_registro": "1994-10-04"
    }
},
{
    "model": "viajes.usuario",
    "pk": 39,
    "fields": {
        "nombre": "Finally throw game lot. Option impact she gun.\nWear similar four involve now level. Thank anyone do least significant strong board family.",
        "correo": "joannbaldwin@example.net",
        "telefono": "Family check watch.",
        "edad": -19537,
        "contraseña": "Almost while kid woman board about mother item. Bill treatment role city. Claim wind away fear husband you.\nLanguage relationship nice. Understand without federal top itself entire ask.",
        "fecha_registro": "1992-03-20"
    }
},
{
    "model": "viajes.usuario",
    "pk": 40,
    "fields": {
        "nombre": "Hit baby your read. Direction probably once debate court. Wall pay break direction drug.\nNo why place guess. Within total drive author cold land four.",
        "correo": "michael84@example.org",
        "telefono": "Building too where.",
        "edad": -7831,
        "contraseña": "Government address class main available standard. Other way whom question.\nKid final relate task perhaps economic. Else skill prevent none not play.",
        "fecha_registro": "2008-03-22"
    }
},
{
    "model": "viajes.usuario",
    "pk": 41,
    "fields": {
        "nombre": "Laugh check ago ability cut head play. Turn carry left compare society affect.\nAdmit research sense. In require car outside hospital. Across along above above speech.",
        "correo": "michealelliott@example.net",
        "telefono": "Leave law foot.",
        "edad": 24281,
        "contraseña": "Plant see this record protect tough energy. Me eat him leg.\nI security wall care question.",
        "fecha_registro": "1977-11-10"
    }
},
{
    "model": "viajes.usuario",
    "pk": 42,
    "fields": {
        "nombre": "Everything service suggest debate as tend. Side store build method trial. Place born structure officer yes can cup.",
        "correo": "sstone@example.com",
        "telefono": "Serious miss.",
        "edad": 24320,
        "contraseña": "Factor change method. Civil agree sort employee.\nSerious enough third board concern. Way prepare Democrat prepare interest worry. Fine unit professor usually message.",
        "fecha_registro": "1990-07-01"
    }
},
{
    "model": "viajes.usuario",
    "pk": 43,
    "fields": {
        "nombre": "Cause line school radio skin customer former. First human miss order generation.\nPicture sound if out. Yard might deep free professor.",
        "correo": "brad08@example.com",
        "telefono": "How student husband.",
        "edad": 8773,
        "contraseña": "Discuss find color prove activity. Affect beautiful deep as. Bar draw television until owner.\nAlong focus apply apply trouble raise place. Mrs authority bit trade office west and consider.",
        "fecha_registro": "1972-08-21"
    }
},
{
    "model": "viajes.usuario",
    "pk": 44,
    "fields": {
        "nombre": "Thousand allow same green. Learn news sense likely red example huge American.",
        "correo": "stephanie94@example.net",
        "telefono": "Plant film worker.",
        "edad": -26423,
        "contraseña": "All none one window. All imagine or whose. Adult cold mother contain sister career great. Decade note million food scene view raise.",
        "fecha_registro": "1983-06-30"
    }
},
{
    "model": "viajes.usuario",
    "pk": 45,
    "fields": {
        "nombre": "Miss here strong religious so Mrs. Easy single economy thought while part also magazine.\nRelationship bag clearly also war necessary.",
        "correo": "johnsonandrew@example.com",
        "telefono": "Prevent do billion.",
        "edad": -4051,
        "contraseña": "Fear stop attention situation brother any first. Blue do west director according green wait send. Crime else see message baby night.",
        "fecha_registro": "1980-12-26"
    }
},
{
    "model": "viajes.destino",
    "pk": 1,
    "fields": {
        "nombre": "Response then test need expert tonight blue. Fish consider oil garden. Present himself them view join most.\nStation kid happy least. Contain reveal among believe firm establish.",
        "pais": "Economic exist process new water some yet.",
        "descripcion": "Garden say necessary skill situation. Class success fill quickly. Eight almost message hand right enjoy amount.",
        "popularidad": 0.40520410002287865
    }
},
{
    "model": "viajes.destino",
    "pk": 2,
    "fields": {
        "nombre": "Understand wide myself alone. Professor Mr baby.\nImprove major television surface give may.\nPlace that security night pay. Pattern cell figure know start ready interview marriage.",
        "pais": "Oil whom ahead service simple sport.",
        "descripcion": "Take young test list local sure. How almost above market. We reduce some let.\nThere poor wall space note lose compare. Can enough total course everybody. Interview major paper security.",
        "popularidad": 0.5909192913708317
    }
},
{
    "model": "viajes.destino",
    "pk": 3,
    "fields": {
        "nombre": "Provide kid million everybody. Animal onto can season. Pressure we allow trial particular.\nTotal final everything itself. End their everybody wear child. Likely Republican eat.",
        "pais": "Throw produce today high control method sit.",
        "descripcion": "Wife evening easy close without product television. Choose green time amount today full wrong. Political condition thank condition kitchen central sing.",
        "popularidad": 0.2989134893444305
    }
},
{
    "model": "viajes.destino",
    "pk": 4,
    "fields": {
        "nombre": "Sense recognize fast scene against. Compare PM among operation they. Few often sea event.\nWorld author data kitchen mission. Southern daughter magazine change mean.",
        "pais": "Build red several apply field go music.",
        "descripcion": "Yeah recently each send page. Building candidate eat president.\nFeel fight current foreign view.\nCourt carry from final fish. Say heart impact star. Foreign after dinner idea next.",
        "popularidad": 0.7978127895395628
    }
},
{
    "model": "viajes.destino",
    "pk": 5,
    "fields": {
        "nombre": "Economy civil dream threat protect at. Turn also he truth really attorney produce.\nChurch each recently run job good black police. North gas second TV.",
        "pais": "Shake so everybody increase street blood sing it.",
        "descripcion": "Behavior recognize major. Leader policy learn magazine do day near.\nDrug during leader bag. Partner budget wait decade.\nSoon forget yard window. Throw hotel improve. Plant available but compare.",
        "popularidad": 0.9990219130262297
    }
},
{
    "model": "viajes.destino",
    "pk": 6,
    "fields": {
        "nombre": "Pull others energy situation. More nature poor fall determine site.\nProduction way sister wall bring through special. Especially language me glass cultural either deal.",
        "pais": "Hard give plant including or.",
        "descripcion": "Page professional other cut thousand woman office. Now ahead story he laugh agreement election.\nNation nor her red. Conference bring ability court. Key position economic.",
        "popularidad": 0.21345080547035222
    }
},
{
    "model": "viajes.destino",
    "pk": 7,
    "fields": {
        "nombre": "Exactly culture police your. Everybody or claim.\nActivity tax hear easy consumer nor college. Body later environmental. Rule suffer very listen yeah. Account close draw single stage.",
        "pais": "Defense choose professional something at.",
        "descripcion": "Environmental picture official hold green fish industry bed. Present hotel myself important.",
        "popularidad": 0.5348067192078575
    }
},
{
    "model": "viajes.destino",
    "pk": 8,
    "fields": {
        "nombre": "Race add energy system new. Four although travel win usually still. Tv forget consider city.",
        "pais": "Group two challenge attention meeting inside on.",
        "descripcion": "Argue process realize. Expert site finish expect the likely my however. Business project between glass decade.",
        "popularidad": 0.5020943493811564
    }
},
{
    "model": "viajes.destino",
    "pk": 9,
    "fields": {
        "nombre": "Who have difference anyone success. Standard check area large their ever. Remain hundred democratic tonight.",
        "pais": "Guess reveal fall TV town.",
        "descripcion": "Within whether president number under. Reach sea require either.\nDetail discussion for Republican so car which.",
        "popularidad": 0.9111770338559765
    }
},
{
    "model": "viajes.destino",
    "pk": 10,
    "fields": {
        "nombre": "Himself sort night think look recently reduce system. South environmental foreign drug. None government own know.",
        "pais": "Your line close seven try development school.",
        "descripcion": "Actually sometimes forget. Animal small process require one recognize. Various without series visit industry court feel.",
        "popularidad": 0.8047867945665947
    }
},
{
    "model": "viajes.destino",
    "pk": 11,
    "fields": {
        "nombre": "When she do three address. Phone in body. They blue through model.\nEveryone history order exactly form. Whether why certain set tend health. Pattern away material pull discover soldier.",
        "pais": "Citizen citizen rather start.",
        "descripcion": "Finish central treat take least idea. Federal stuff responsibility share focus. Card decade parent detail rate discover.",
        "popularidad": 0.9942232951103303
    }
},
{
    "model": "viajes.destino",
    "pk": 12,
    "fields": {
        "nombre": "For throw mind ask. Bill field detail case.\nSeek particularly behind woman. Late issue energy expect bank. Person sometimes radio three rock suddenly half skin.",
        "pais": "Special wait center charge relate modern.",
        "descripcion": "Nice attention ago company. Help impact street. Whom former new Republican risk she.\nIf specific open despite treat could collection create. Son citizen new read trip bad.",
        "popularidad": 0.5366633565772976
    }
},
{
    "model": "viajes.destino",
    "pk": 13,
    "fields": {
        "nombre": "Democratic we walk necessary authority. Focus quite decade service.\nShare land family these. Benefit about right lawyer foot move between. Personal sign former long.",
        "pais": "From almost become part.",
        "descripcion": "Example worker concern cause. Cut threat edge real machine nothing manage.\nModel allow particular. Today water special often author decision. Describe charge turn same they in available.",
        "popularidad": 0.3216229780483235
    }
},
{
    "model": "viajes.destino",
    "pk": 14,
    "fields": {
        "nombre": "Exist language father she assume. Cause same skill. Collection offer front part central practice help.\nAnything note she chair every huge green. Statement room TV hand.",
        "pais": "Give end bring discuss material.",
        "descripcion": "Language common religious. Who use increase seat particularly buy should.\nSound arm son live ask capital skin. Risk rate land security eat gas since. Often instead note bit.",
        "popularidad": 0.709684090104662
    }
},
{
    "model": "viajes.destino",
    "pk": 15,
    "fields": {
        "nombre": "Commercial actually floor three build everything us. Late economy future news rock which whatever. Method far serve exist poor tell.",
        "pais": "Suggest inside apply father itself cost.",
        "descripcion": "High worry development enough that soon admit.\nMention left chair likely office bar apply. Left government add attack vote company traditional.",
        "popularidad": 0.4388609894721348
    }
},
{
    "model": "viajes.destino",
    "pk": 16,
    "fields": {
        "nombre": "Expert toward live success friend. Nature game into major.\nWestern science price piece purpose serve. Spring travel job here.",
        "pais": "Force both threat information until.",
        "descripcion": "Country indicate political far. Process tree some short. Purpose success into then.\nAlong decade these meet stand. Anything similar clear myself on class.\nTeam detail billion particularly book.",
        "popularidad": 0.3014653573373054
    }
},
{
    "model": "viajes.destino",
    "pk": 17,
    "fields": {
        "nombre": "Individual seat necessary six than culture explain. Lead good sometimes sell.\nFind executive development resource end. New line wall. My be leave.\nPiece certain get company picture.",
        "pais": "Create hot leader without most.",
        "descripcion": "Figure class sometimes point international. War heart almost firm. Agree land even thus many.\nEmployee investment free interesting. Form board statement never.",
        "popularidad": 0.7141826569788648
    }
},
{
    "model": "viajes.destino",
    "pk": 18,
    "fields": {
        "nombre": "Partner forget capital put which property PM. Red foot computer become reveal true.\nTravel including section oil hard. Story myself watch community trial most. Team how middle growth.",
        "pais": "Build new pass me.",
        "descripcion": "Professional wear than meeting nation end discussion. Wrong notice next discussion event.\nSoldier crime expert. Risk east until control. Because again life.",
        "popularidad": 0.3467816910960799
    }
},
{
    "model": "viajes.destino",
    "pk": 19,
    "fields": {
        "nombre": "Word bar best free suffer season. Poor blue ability ready country. Health free audience.",
        "pais": "Child machine choice attack.",
        "descripcion": "Listen second actually ten. The box treat open.\nEver hair these probably phone smile hair decade.\nFact least local will fish. Here public skin represent us safe really. Nothing black someone.",
        "popularidad": 0.495855939778336
    }
},
{
    "model": "viajes.destino",
    "pk": 20,
    "fields": {
        "nombre": "Season job talk husband marriage decision claim. Keep really country fund get toward morning.\nMinute student foot service season summer window. Something heavy generation about produce learn you.",
        "pais": "Conference my itself available either recognize.",
        "descripcion": "Force for image even each exactly whole. Discover hotel line case room current. Student adult itself money movement free.",
        "popularidad": 0.5321394527733202
    }
},
{
    "model": "viajes.destino",
    "pk": 21,
    "fields": {
        "nombre": "Prove east strategy grow central can. Listen vote effort whether early white spend. Guess return away stop both much center.",
        "pais": "While partner section final down.",
        "descripcion": "Plant particular water play yeah bar. Skill state opportunity system service task audience catch. My have information subject college our six.",
        "popularidad": 0.6513718467669773
    }
},
{
    "model": "viajes.destino",
    "pk": 22,
    "fields": {
        "nombre": "Gas staff painting because office. Be bill new issue cup.\nEvery let throw cost best. Newspaper behavior get.\nTeam ready mean hold foreign manager writer put. Evening eye piece let often rather each.",
        "pais": "Capital money sure son.",
        "descripcion": "Political agreement discuss feeling under senior. Design air total hand detail later major. Threat respond hold son may son finally prepare.",
        "popularidad": 0.45477562801527616
    }
},
{
    "model": "viajes.destino",
    "pk": 23,
    "fields": {
        "nombre": "Adult quite natural tell ready. Computer officer Congress hot because eat people.\nAccount ball common movement data how. Consumer where bill else. Account game ability brother continue local.",
        "pais": "Story he heart.",
        "descripcion": "Food computer involve quality level. Technology very former enough cold assume ball. May small wife institution.\nAfter fact read my before how pass. History likely country half high.",
        "popularidad": 0.5385353574277769
    }
},
{
    "model": "viajes.destino",
    "pk": 24,
    "fields": {
        "nombre": "Nice despite reduce all toward partner inside note. Answer science maintain. Race statement politics almost large something.\nFine heavy language story. Whether age leave recently want build seat job.",
        "pais": "Call direction Mrs very its.",
        "descripcion": "National from produce couple. Impact or deal parent gas. Argue herself middle other budget large.",
        "popularidad": 0.20161464967629583
    }
},
{
    "model": "viajes.destino",
    "pk": 25,
    "fields": {
        "nombre": "Section consider example big thank choose. Might happy matter prove high program arrive simple. Like somebody professional boy situation.",
        "pais": "Interview wonder happy.",
        "descripcion": "Notice much memory system actually bit. Level particularly industry.\nPresident myself service describe Mrs rich short. Performance protect positive discussion common again tell.",
        "popularidad": 0.7755247950427058
    }
},
{
    "model": "viajes.destino",
    "pk": 26,
    "fields": {
        "nombre": "Marriage myself member give. Because firm less baby thus successful. Process finally clear approach spend.",
        "pais": "Dark reality far business letter push.",
        "descripcion": "With fine out car. Media these before face.\nBrother perhaps space travel fight suffer exactly. Yourself eight child soldier. Financial someone great democratic.",
        "popularidad": 0.9401068706313692
    }
},
{
    "model": "viajes.destino",
    "pk": 27,
    "fields": {
        "nombre": "Each them number popular. Operation article learn assume music.\nShort half half name already share. These raise including claim we.",
        "pais": "Upon film next official.",
        "descripcion": "Miss matter picture herself reason. Cold production lay exactly door. Detail international party work.",
        "popularidad": 0.20256292759909733
    }
},
{
    "model": "viajes.destino",
    "pk": 28,
    "fields": {
        "nombre": "Else guy size night. Box health change for.\nPhysical man nor treat room choose. Democratic when region environmental team run as.",
        "pais": "Tree card federal go gas rule.",
        "descripcion": "Rest significant scientist already.\nArea here drop relationship western include.\nRelate player support what resource experience use right.",
        "popularidad": 0.8711948505486133
    }
},
{
    "model": "viajes.destino",
    "pk": 29,
    "fields": {
        "nombre": "Head walk nice five describe risk think pressure. Summer every development commercial.\nThis trip morning people sense past statement. Still where offer life work his.",
        "pais": "Believe doctor keep cup expect wear.",
        "descripcion": "Position age education cut. Method program relationship research hard. Bad image customer table notice.\nVisit small free military center never close.",
        "popularidad": 0.09338605652905452
    }
},
{
    "model": "viajes.destino",
    "pk": 30,
    "fields": {
        "nombre": "Ask personal party class financial. Region option nice hope reason here which.\nMake area nation operation woman back. Try president reach say account matter.",
        "pais": "Ask actually various agreement moment.",
        "descripcion": "As dinner group. Participant ground marriage degree. Agent mouth teach middle.\nBoth although many future light eight need. Game sit audience radio live interview bit.",
        "popularidad": 0.6862842031496422
    }
},
{
    "model": "viajes.destino",
    "pk": 31,
    "fields": {
        "nombre": "Beyond officer shoulder person trouble. Develop back difficult law bring popular style. Kitchen answer TV finally.",
        "pais": "Human true practice that alone.",
        "descripcion": "Toward tree remain modern take big society wear. Someone blue threat over fast.",
        "popularidad": 0.32522857326645893
    }
},
{
    "model": "viajes.destino",
    "pk": 32,
    "fields": {
        "nombre": "Purpose wife camera. Morning management deep.\nThem character party board building outside whom. Tough west hope indeed stock computer. Something too leave and statement cover first.",
        "pais": "Someone build hour explain.",
        "descripcion": "Tree professor hold. Catch defense call hour feel. Practice meeting bed step particular.\nUntil often even oil together some. Middle song way. Note radio near including rate.",
        "popularidad": 0.7686589175260905
    }
},
{
    "model": "viajes.destino",
    "pk": 33,
    "fields": {
        "nombre": "Why more unit military body. Tax with material question course stuff. Product can protect prevent blood.\nRed professional especially describe maintain. Pm quite drop she land.",
        "pais": "Situation machine condition east.",
        "descripcion": "As product reason if. Four dog blue charge. Clear raise authority perform whole there.\nExecutive eight knowledge statement friend attorney nature. Every member rule skill benefit analysis day wife.",
        "popularidad": 0.9337855744044415
    }
},
{
    "model": "viajes.destino",
    "pk": 34,
    "fields": {
        "nombre": "Face modern floor however cost show. Early address sometimes rock. Point language tough. In organization admit subject recently buy total sometimes.",
        "pais": "Act serious hand take.",
        "descripcion": "Send foot hard media. Decision team kind weight will.\nArm any speech indeed. Seat according start. Score none unit attorney strategy.",
        "popularidad": 0.003357781417793859
    }
},
{
    "model": "viajes.destino",
    "pk": 35,
    "fields": {
        "nombre": "Believe article six.\nPhysical particularly road employee. Thousand attention actually fear general bed raise factor. Tell change way.",
        "pais": "Where throughout let spend make interview staff.",
        "descripcion": "Left generation recently bill election. Pay foot receive manager alone lot bring. Factor fall election style special little learn.",
        "popularidad": 0.31337781628516903
    }
},
{
    "model": "viajes.destino",
    "pk": 36,
    "fields": {
        "nombre": "Name voice reality goal something state material learn. Onto dog doctor. Opportunity local act property project.",
        "pais": "Property window from.",
        "descripcion": "Job weight never out from ten executive. The agreement involve special gas mouth. Word prepare production red whatever theory choose.",
        "popularidad": 0.5779539943978266
    }
},
{
    "model": "viajes.destino",
    "pk": 37,
    "fields": {
        "nombre": "Movement strong anything own. Again different send none ready well decide. Movie health director fine top bill.\nOr shake computer station reflect. Read rock its law continue establish.",
        "pais": "Threat couple doctor shoulder few.",
        "descripcion": "Treat ground audience choose movement front. Buy since past blue. Region risk network yard use month ever.\nAdmit strong assume Mrs management treatment. City compare defense able game two.",
        "popularidad": 0.36082564555652064
    }
},
{
    "model": "viajes.destino",
    "pk": 38,
    "fields": {
        "nombre": "Including effect not result message describe. Talk else structure relate. Difference expert carry out operation start apply. Person policy box husband out movie.",
        "pais": "Itself five enter product result loss.",
        "descripcion": "Generation film focus. Teach teach front plan picture practice bad baby. For yet benefit soldier system month hand science.",
        "popularidad": 0.3544039235053026
    }
},
{
    "model": "viajes.destino",
    "pk": 39,
    "fields": {
        "nombre": "Sea compare state ready teacher. Future yes plan star plant national treat. In city help partner message action kitchen.",
        "pais": "Month writer factor certain be degree control.",
        "descripcion": "As decade likely plant century ever. Difficult third eye technology once case learn. Author result view part letter.\nImpact smile cup. Success as senior a moment old condition.",
        "popularidad": 0.317302435049333
    }
},
{
    "model": "viajes.destino",
    "pk": 40,
    "fields": {
        "nombre": "Focus factor statement successful next machine. Ask however might ever value support attention.\nEvening statement lead else open good future. Hope wish mention magazine after newspaper.",
        "pais": "Keep letter member shoulder huge.",
        "descripcion": "Top play media let.\nPossible dinner he improve worry meeting. Great wife product raise cut.\nYoung threat identify worker interview pull season. Up leader our blue.",
        "popularidad": 0.9115919118109912
    }
},
{
    "model": "viajes.destino",
    "pk": 41,
    "fields": {
        "nombre": "Happen by level likely available final. Admit possible car.\nForce nothing other. Indicate control reason pick. Fear American bed thousand employee off table.\nPlant night attention evidence.",
        "pais": "Office chair these.",
        "descripcion": "Hot its remember our. Human per option leave who last.\nWhen side build character. Lead kind early.",
        "popularidad": 0.5717516053860788
    }
},
{
    "model": "viajes.destino",
    "pk": 42,
    "fields": {
        "nombre": "Rate base career system. Finally five side base apply sport. Black society rather education each avoid feel reveal.\nSystem officer of focus author. Blood loss least hour.",
        "pais": "Occur four smile.",
        "descripcion": "Street wear face church let fall subject. Floor every set item international themselves important economy. Left note realize page institution walk. Like its lead candidate particularly.",
        "popularidad": 0.7856865139862628
    }
},
{
    "model": "viajes.destino",
    "pk": 43,
    "fields": {
        "nombre": "Without approach wrong who. Again amount somebody star. Entire PM he pass well off hotel.",
        "pais": "Him none stay without.",
        "descripcion": "Mean trial form right city. Manage identify but participant. Investment say address write gas.",
        "popularidad": 0.026479585426042007
    }
},
{
    "model": "viajes.destino",
    "pk": 44,
    "fields": {
        "nombre": "Dream she cold popular long Mr key. Couple must follow design fine. Action time reflect with our near.\nPlayer the kitchen everybody watch resource all purpose. But second blue half.",
        "pais": "Game they common a catch other.",
        "descripcion": "Shoulder history our today before mother.\nArt challenge without imagine ask. Place race end study much. Million develop even.\nIt race why instead. So though business none upon feeling.",
        "popularidad": 0.5843999086717613
    }
},
{
    "model": "viajes.destino",
    "pk": 45,
    "fields": {
        "nombre": "Clear tree worker care room. General stage movie those.\nAcross heart also blood. Individual born build position million have realize. Goal discuss hour bring house of.",
        "pais": "Street real response response school.",
        "descripcion": "Economy glass current south. Down throughout hour hospital. Yard training some treat rise sea station.\nExecutive action movement chair commercial same special garden. Trade voice action dream.",
        "popularidad": 0.5455817707644488
    }
},
{
    "model": "viajes.reserva",
    "pk": 1,
    "fields": {
        "codigo_reserva": "Network truth worry.",
        "fecha_salida": "1975-11-04T17:11:10.242Z",
        "fecha_llegada": "2004-02-26T05:46:26.541Z",
        "numero_personas": 15053,
        "precio": "0.27",
        "usuario": 41
    }
},
{
    "model": "viajes.reserva",
    "pk": 2,
    "fields": {
        "codigo_reserva": "Woman leader.",
        "fecha_salida": "2024-05-04T07:41:27.391Z",
        "fecha_llegada": "1993-08-21T11:38:16.796Z",
        "numero_personas": 4309,
        "precio": "0.90",
        "usuario": 32
    }
},
{
    "model": "viajes.reserva",
    "pk": 3,
    "fields": {
        "codigo_reserva": "Marriage compare.",
        "fecha_salida": "1994-05-01T21:55:55.739Z",
        "fecha_llegada": "2018-04-27T02:50:09.927Z",
        "numero_personas": 31013,
        "precio": "0.02",
        "usuario": 45
    }
},
{
    "model": "viajes.reserva",
    "pk": 4,
    "fields": {
        "codigo_reserva": "Bank later country.",
        "fecha_salida": "2018-07-07T08:33:17.557Z",
        "fecha_llegada": "2023-03-15T16:38:49.655Z",
        "numero_personas": 10263,
        "precio": "0.10",
        "usuario": 34
    }
},
{
    "model": "viajes.reserva",
    "pk": 5,
    "fields": {
        "codigo_reserva": "Field case leave.",
        "fecha_salida": "1986-11-19T07:21:19.892Z",
        "fecha_llegada": "1978-02-16T22:44:41.000Z",
        "numero_personas": 13462,
        "precio": "0.84",
        "usuario": 43
    }
},
{
    "model": "viajes.reserva",
    "pk": 6,
    "fields": {
        "codigo_reserva": "Someone site even.",
        "fecha_salida": "1983-11-01T23:59:46.787Z",
        "fecha_llegada": "1999-11-06T07:10:10.982Z",
        "numero_personas": 28165,
        "precio": "0.42",
        "usuario": 39
    }
},
{
    "model": "viajes.reserva",
    "pk": 7,
    "fields": {
        "codigo_reserva": "Interest listen.",
        "fecha_salida": "1998-12-25T18:37:26.570Z",
        "fecha_llegada": "2012-05-03T11:24:31.292Z",
        "numero_personas": 16731,
        "precio": "0.64",
        "usuario": 44
    }
},
{
    "model": "viajes.reserva",
    "pk": 8,
    "fields": {
        "codigo_reserva": "Food sure drug.",
        "fecha_salida": "1986-07-10T13:15:57.840Z",
        "fecha_llegada": "1976-02-05T04:59:51.322Z",
        "numero_personas": 8376,
        "precio": "0.15",
        "usuario": 35
    }
},
{
    "model": "viajes.reserva",
    "pk": 9,
    "fields": {
        "codigo_reserva": "Size rate fall.",
        "fecha_salida": "2002-05-08T23:33:17.903Z",
        "fecha_llegada": "1973-08-26T14:14:22.619Z",
        "numero_personas": 13794,
        "precio": "0.20",
        "usuario": 36
    }
},
{
    "model": "viajes.reserva",
    "pk": 10,
    "fields": {
        "codigo_reserva": "Almost discussion.",
        "fecha_salida": "1972-03-15T00:38:41.175Z",
        "fecha_llegada": "2013-08-28T11:33:15.935Z",
        "numero_personas": 227,
        "precio": "0.48",
        "usuario": 31
    }
},
{
    "model": "viajes.reserva",
    "pk": 11,
    "fields": {
        "codigo_reserva": "Group carry ever.",
        "fecha_salida": "2007-03-13T15:24:33.683Z",
        "fecha_llegada": "2010-12-12T07:33:01.913Z",
        "numero_personas": 22105,
        "precio": "0.88",
        "usuario": 40
    }
},
{
    "model": "viajes.reserva",
    "pk": 12,
    "fields": {
        "codigo_reserva": "Cold agency serve.",
        "fecha_salida": "2017-01-04T21:16:54.591Z",
        "fecha_llegada": "2013-05-01T16:55:31.614Z",
        "numero_personas": 9244,
        "precio": "0.61",
        "usuario": 42
    }
},
{
    "model": "viajes.reserva",
    "pk": 13,
    "fields": {
        "codigo_reserva": "Modern site yard.",
        "fecha_salida": "2005-11-01T10:12:49.507Z",
        "fecha_llegada": "2006-10-13T08:40:19.625Z",
        "numero_personas": 30419,
        "precio": "0.43",
        "usuario": 33
    }
},
{
    "model": "viajes.reserva",
    "pk": 14,
    "fields": {
        "codigo_reserva": "Us civil build.",
        "fecha_salida": "2006-06-16T23:39:44.721Z",
        "fecha_llegada": "1973-05-15T18:14:18.438Z",
        "numero_personas": 18381,
        "precio": "0.47",
        "usuario": 38
    }
},
{
    "model": "viajes.reserva",
    "pk": 15,
    "fields": {
        "codigo_reserva": "Hand task garden.",
        "fecha_salida": "2024-04-20T01:03:57.481Z",
        "fecha_llegada": "1981-05-15T21:27:21.456Z",
        "numero_personas": 26137,
        "precio": "0.55",
        "usuario": 37
    }
},
{
    "model": "viajes.comentario",
    "pk": 1,
    "fields": {
        "titulo": "Media week court. Somebody news major improve general style office. Art southern radio it.",
        "contenido": "Simply house fight ahead administration that. Discover institution prove day public stop.\nTeacher quickly tonight floor win outside. After spend set. Speech billion end theory step.",
        "fecha_comentario": "2020-07-21T23:17:55.025Z",
        "calificacion": 0.8993613568335352,
        "usuario": 37
    }
},
{
    "model": "viajes.comentario",
    "pk": 2,
    "fields": {
        "titulo": "Town maintain page role. Wonder actually rate work.",
        "contenido": "Line ahead quality. Build while trouble glass theory. Develop person senior reach card reflect money.",
        "fecha_comentario": "1997-05-08T21:27:28.507Z",
        "calificacion": 0.1072883413504121,
        "usuario": 33
    }
},
{
    "model": "viajes.comentario",
    "pk": 3,
    "fields": {
        "titulo": "Side off among allow any case. Power network letter member.",
        "contenido": "Team trial name. When respond firm skin memory.\nTelevision blue war form get cause interest. Catch run again environmental lead.\nWish explain consider several total wonder beat.",
        "fecha_comentario": "2000-12-10T06:29:20.747Z",
        "calificacion": 0.8114295578183903,
        "usuario": 35
    }
},
{
    "model": "viajes.comentario",
    "pk": 4,
    "fields": {
        "titulo": "Station house right. Admit determine teach prepare care college.",
        "contenido": "Fear pay bring visit technology sure lawyer. My two conference various within capital.\nThat better receive war again threat. Improve win employee PM.\nProperty wall miss teach talk its.",
        "fecha_comentario": "1994-10-27T22:24:27.473Z",
        "calificacion": 0.32347948178105657,
        "usuario": 42
    }
},
{
    "model": "viajes.comentario",
    "pk": 5,
    "fields": {
        "titulo": "Store research shoulder school interview majority. Garden thank thus thank note base.",
        "contenido": "Southern third scene article woman. Hear treatment physical detail claim reflect decade industry.\nWell heart at amount.",
        "fecha_comentario": "2015-10-21T23:19:15.269Z",
        "calificacion": 0.5013273083993857,
        "usuario": 31
    }
},
{
    "model": "viajes.comentario",
    "pk": 6,
    "fields": {
        "titulo": "Nation specific break service tell through low.",
        "contenido": "Billion surface responsibility Republican room trouble somebody. Technology you particular hard front six very.\nArticle guess remember would ago. Exist continue short home there structure rate.",
        "fecha_comentario": "1970-04-18T11:48:56.166Z",
        "calificacion": 0.7216876966768934,
        "usuario": 34
    }
},
{
    "model": "viajes.comentario",
    "pk": 7,
    "fields": {
        "titulo": "Have around west some send learn increase. With Mr media American ready.",
        "contenido": "May recently leader third worker whatever investment those. These similar remember vote decision treat.\nShoulder always mouth bit space. Reality game bill meeting old pretty then.",
        "fecha_comentario": "1971-12-10T12:15:24.521Z",
        "calificacion": 0.5800312323198842,
        "usuario": 35
    }
},
{
    "model": "viajes.comentario",
    "pk": 8,
    "fields": {
        "titulo": "Despite nothing voice every month blood. Similar city site amount.",
        "contenido": "Guess bar look security. Father friend but ability.",
        "fecha_comentario": "1972-07-17T23:08:49.392Z",
        "calificacion": 0.4715013995215148,
        "usuario": 34
    }
},
{
    "model": "viajes.comentario",
    "pk": 9,
    "fields": {
        "titulo": "Church car six ago. Most nice piece popular discover.",
        "contenido": "Third respond despite hundred miss girl. Her affect character grow past any. Despite use to charge do inside military.\nAt hand alone.\nSpecific owner center research. Want might painting tend improve.",
        "fecha_comentario": "1975-10-10T00:21:41.494Z",
        "calificacion": 0.6600884831787093,
        "usuario": 45
    }
},
{
    "model": "viajes.comentario",
    "pk": 10,
    "fields": {
        "titulo": "Edge possible board claim six. Day why hair. Specific east to some reduce rich.",
        "contenido": "Surface machine wear protect that. Foreign order father money. Stand which employee ability thought.",
        "fecha_comentario": "1999-03-28T06:50:53.333Z",
        "calificacion": 0.6625655813371738,
        "usuario": 40
    }
},
{
    "model": "viajes.comentario",
    "pk": 11,
    "fields": {
        "titulo": "Similar behavior set onto. Campaign participant Mr ever base.",
        "contenido": "Modern old information great. Participant phone course every.\nDirector news business upon. Space important laugh relationship lay others available. Full sense discover threat prove forget language.",
        "fecha_comentario": "2002-03-10T05:09:41.004Z",
        "calificacion": 0.8634617465541602,
        "usuario": 36
    }
},
{
    "model": "viajes.comentario",
    "pk": 12,
    "fields": {
        "titulo": "Rather pay manage bank. Already sure surface write.",
        "contenido": "Easy night go affect difficult. Beat yeah increase statement citizen good learn.\nBag then include standard. Parent born Democrat could fly. Enough total feeling through learn southern.",
        "fecha_comentario": "1998-12-17T16:45:30.525Z",
        "calificacion": 0.27186494330076383,
        "usuario": 45
    }
},
{
    "model": "viajes.comentario",
    "pk": 13,
    "fields": {
        "titulo": "Firm voice first experience. New this upon. During occur national data too site analysis.",
        "contenido": "Happy both seem good might risk door involve. Employee shake agent according teacher.\nAhead manage first choice low girl move factor.",
        "fecha_comentario": "1972-10-22T21:08:56.629Z",
        "calificacion": 0.530761102800413,
        "usuario": 36
    }
},
{
    "model": "viajes.comentario",
    "pk": 14,
    "fields": {
        "titulo": "By four become. Trouble news result organization nothing.",
        "contenido": "Night hair store notice. Think budget account game.\nAir analysis out. Rock beautiful serious authority always.",
        "fecha_comentario": "1996-10-19T11:41:06.756Z",
        "calificacion": 0.44376402374943136,
        "usuario": 42
    }
},
{
    "model": "viajes.comentario",
    "pk": 15,
    "fields": {
        "titulo": "Than expect drive we answer. Last million perhaps mission model.",
        "contenido": "Participant reduce herself through owner low.\nStay instead worry change some speech probably. Western claim center young. Actually she if far get major week gas.",
        "fecha_comentario": "2024-06-12T18:31:22.942Z",
        "calificacion": 0.12858235220399883,
        "usuario": 39
    }
},
{
    "model": "viajes.alojamiento",
    "pk": 1,
    "fields": {
        "nombre": "Design modern day establish young help worry administration. Dream far focus seven quite. Drug couple type artist.",
        "direccion": "Field property response rest. Air major provide image activity go task first. Become nice share.",
        "capacidad": -5660,
        "tipo": "Training together decision maybe attack.",
        "destino": 34,
        "reserva": 7
    }
},
{
    "model": "viajes.alojamiento",
    "pk": 2,
    "fields": {
        "nombre": "Notice wish new little form. Item during option a she. Window listen station yard number recent bed.\nThat her half attorney message. Need garden research PM including wonder perhaps.",
        "direccion": "Leave often interesting rest agency never.\nForward let away kid grow voice month. Husband instead raise less. Try work red center land.",
        "capacidad": 26333,
        "tipo": "Professional we respond no act debate be.",
        "destino": 40,
        "reserva": 2
    }
},
{
    "model": "viajes.alojamiento",
    "pk": 3,
    "fields": {
        "nombre": "Collection article government expert sure.\nRequire step network summer cut body happy. Explain choose woman character. Act move final.",
        "direccion": "Social worry employee top defense window. Like still seem no all manager benefit.\nFloor growth anyone nearly prepare reduce. Effort pattern analysis save animal three.",
        "capacidad": -23308,
        "tipo": "Party field quickly market step knowledge.",
        "destino": 43,
        "reserva": 8
    }
},
{
    "model": "viajes.alojamiento",
    "pk": 4,
    "fields": {
        "nombre": "Memory charge staff politics day. Election issue tax.\nHuge professor themselves wrong. Minute gun see blood street share high next.\nMyself bank dark economic him husband.",
        "direccion": "Cup analysis and early always then. Create every discover guy court within. Product sure affect action.",
        "capacidad": -20889,
        "tipo": "Let picture suffer eye follow parent other.",
        "destino": 43,
        "reserva": 3
    }
},
{
    "model": "viajes.alojamiento",
    "pk": 5,
    "fields": {
        "nombre": "Over feel raise commercial on plan blood. Structure along represent important mother late power along. Final last sign marriage situation.",
        "direccion": "For thing north practice. Camera hold money trouble present box. Political save be stage collection. Morning region sometimes our consider.",
        "capacidad": 30591,
        "tipo": "Cut everything to account similar growth.",
        "destino": 34,
        "reserva": 8
    }
},
{
    "model": "viajes.alojamiento",
    "pk": 6,
    "fields": {
        "nombre": "Leader end almost look budget whose set.\nResource subject space nor road. Enough board police develop member example save sit.",
        "direccion": "Degree mother tough. President article wide bad close. Hand its free bit political former military.\nRather interview where reach. Kid make article suggest.",
        "capacidad": 17350,
        "tipo": "Indeed especially through stay second woman.",
        "destino": 39,
        "reserva": 5
    }
},
{
    "model": "viajes.alojamiento",
    "pk": 7,
    "fields": {
        "nombre": "Require country cold mean consumer course. War challenge give play wife five agency. Account worker from free fast building size plan.",
        "direccion": "Investment result break discuss add. Entire expect role station turn wish music.\nOutside drug organization spend lead leave anything. Discuss return sport fill fine trip.",
        "capacidad": 6290,
        "tipo": "Network society wrong when partner center rather.",
        "destino": 33,
        "reserva": 2
    }
},
{
    "model": "viajes.alojamiento",
    "pk": 8,
    "fields": {
        "nombre": "Weight occur determine great do. Successful majority dinner subject total stand easy. Economic expert sort despite risk without recent plant.",
        "direccion": "Power risk hand someone student only individual. Alone she majority floor describe different various these.",
        "capacidad": 29614,
        "tipo": "Speak certainly sit central wrong collection set.",
        "destino": 34,
        "reserva": 5
    }
},
{
    "model": "viajes.alojamiento",
    "pk": 9,
    "fields": {
        "nombre": "Meeting very hard always.\nSister he just her season interesting small. Treatment young interview price design late. Candidate whether provide.",
        "direccion": "Local treat capital reflect three. Not information report real up consumer. Become drug door cover approach subject attack.\nApply its speak. Tell trip line include.",
        "capacidad": -20440,
        "tipo": "Help quite at list.",
        "destino": 39,
        "reserva": 1
    }
},
{
    "model": "viajes.alojamiento",
    "pk": 10,
    "fields": {
        "nombre": "Rule risk or check federal American trade century. Sit nice card hundred traditional professional film.",
        "direccion": "Area pressure yet life hundred. Ground good if rather pattern vote yard. Lay land system play food.\nIts here wait site discover draw. My require pressure court.",
        "capacidad": -24223,
        "tipo": "Option executive crime until.",
        "destino": 31,
        "reserva": 9
    }
},
{
    "model": "viajes.alojamiento",
    "pk": 11,
    "fields": {
        "nombre": "Term use born clear. Response go boy production.\nCommunity drop girl worry central health. Reduce yet upon available year discussion outside.",
        "direccion": "Interest door note commercial. Among necessary song cut against field door provide. Ten particularly skin coach list population including.\nHistory off two some very. Step to top minute.",
        "capacidad": 4775,
        "tipo": "Thus Mr recognize my future.",
        "destino": 43,
        "reserva": 12
    }
},
{
    "model": "viajes.alojamiento",
    "pk": 12,
    "fields": {
        "nombre": "North finally require girl station. Yourself central rock relate.\nEnergy take camera for reveal style. Short program protect type former ten less. Sport friend address group.",
        "direccion": "Impact summer lay always mention newspaper. Pressure notice instead approach respond.\nBook strong meeting. Majority or attorney evening likely.",
        "capacidad": 14894,
        "tipo": "Cause hard choose large many.",
        "destino": 40,
        "reserva": 8
    }
},
{
    "model": "viajes.alojamiento",
    "pk": 13,
    "fields": {
        "nombre": "Day music event consumer prove. Ready seven read very.\nNearly way step response individual gun reason. Firm brother attorney staff authority.",
        "direccion": "Next sell pull leg into. Believe citizen himself alone next society arm language. Under everybody live own.",
        "capacidad": -2095,
        "tipo": "Truth message side.",
        "destino": 34,
        "reserva": 9
    }
},
{
    "model": "viajes.alojamiento",
    "pk": 14,
    "fields": {
        "nombre": "Within without gas Republican interesting author receive choose. Court professor growth middle program. Apply improve back land town down.",
        "direccion": "Cause decade nice civil.\nScience charge then indicate. Above smile discover day stock. Article challenge laugh.",
        "capacidad": 20319,
        "tipo": "Pull message officer common series many.",
        "destino": 37,
        "reserva": 10
    }
},
{
    "model": "viajes.alojamiento",
    "pk": 15,
    "fields": {
        "nombre": "World take blood poor share wait. Remember can unit knowledge.\nReduce future grow wife fall course everyone. Worry manage yeah market newspaper report line.",
        "direccion": "Hear business wall base. Beyond majority free visit kind executive.\nHe ability skin rich more activity water. Black him another image staff institution dream. Do responsibility pick money study.",
        "capacidad": -7664,
        "tipo": "Floor number business development official.",
        "destino": 34,
        "reserva": 10
    }
},
{
    "model": "viajes.extra",
    "pk": 1,
    "fields": {
        "nombre": "Loss sign American. Move red speech level soldier history so. Picture will address lay.",
        "tipo": "comida",
        "descripcion": "Note everything once. Alone box speak try case candidate perform. One anyone pressure part never put.",
        "precio": "0.76"
    }
},
{
    "model": "viajes.extra",
    "pk": 2,
    "fields": {
        "nombre": "Sing quite pick system scientist popular despite dark. Hot like measure candidate break all pretty.",
        "tipo": "transporte",
        "descripcion": "Want charge record see. Report that behind former lose. Lay answer response accept. Meeting blood sing policy week goal right.\nPrevent nothing road likely. Maybe outside yet improve.",
        "precio": "0.53"
    }
},
{
    "model": "viajes.extra",
    "pk": 3,
    "fields": {
        "nombre": "Total song successful decade expert century rule.",
        "tipo": "comida",
        "descripcion": "Order probably fact step. Identify doctor by director every.\nWith above thousand feeling indeed. Argue smile very hold dog himself exist.",
        "precio": "0.55"
    }
},
{
    "model": "viajes.extra",
    "pk": 4,
    "fields": {
        "nombre": "Sister whom because allow force offer cold report.\nGreat claim sell.",
        "tipo": "comida",
        "descripcion": "Cause situation poor plant. No true conference network themselves.",
        "precio": "0.06"
    }
},
{
    "model": "viajes.extra",
    "pk": 5,
    "fields": {
        "nombre": "Seek together with use effect necessary. Game late really college west cut.",
        "tipo": "seguro",
        "descripcion": "Simply between director laugh customer according. Billion international concern into. Fact affect floor research building between.",
        "precio": "0.64"
    }
},
{
    "model": "viajes.extra",
    "pk": 6,
    "fields": {
        "nombre": "Garden from movement best region.",
        "tipo": "comida",
        "descripcion": "Statement surface sea low choose. Term happy can attorney stop personal. Significant message simply my that.\nSpeech guess value south beat no. Responsibility personal about ground he threat.",
        "precio": "0.69"
    }
},
{
    "model": "viajes.extra",
    "pk": 7,
    "fields": {
        "nombre": "Room central arrive hundred. National office own. Scientist church force receive marriage only.",
        "tipo": "transporte",
        "descripcion": "His certainly parent school weight agency form. Consider notice understand none. Beyond recognize wife pretty official public.",
        "precio": "0.30"
    }
},
{
    "model": "viajes.extra",
    "pk": 8,
    "fields": {
        "nombre": "Southern side soon near voice imagine newspaper me. Whole several imagine yes focus.",
        "tipo": "guia",
        "descripcion": "Shake clear weight up part increase news focus. Nice end not me.\nHigh story age region.\nTown many city put different. Travel through single smile way mother room many.",
        "precio": "0.99"
    }
},
{
    "model": "viajes.extra",
    "pk": 9,
    "fields": {
        "nombre": "Once usually game order. Tree weight more color. Choice sense guy which option.",
        "tipo": "guia",
        "descripcion": "Media size among different candidate owner across strong. Big detail weight wait former she everybody.",
        "precio": "0.20"
    }
},
{
    "model": "viajes.extra",
    "pk": 10,
    "fields": {
        "nombre": "Peace hair ball process draw. Live factor player action source would above create.",
        "tipo": "transporte",
        "descripcion": "Reflect degree property.\nEnjoy operation enough beat six speak. Beautiful word charge affect attorney let including. Chance clearly condition early bill might.",
        "precio": "0.31"
    }
},
{
    "model": "viajes.extra",
    "pk": 11,
    "fields": {
        "nombre": "Whose probably take gun. Much ago sort protect.",
        "tipo": "transporte",
        "descripcion": "Environment space moment apply treatment. There have enjoy feeling. Former get education speech simply eight.\nNote weight across nice seat keep wall environmental. Weight within power.",
        "precio": "0.85"
    }
},
{
    "model": "viajes.extra",
    "pk": 12,
    "fields": {
        "nombre": "Use owner near thank even. Hot yeah writer put arm not senior yet.",
        "tipo": "transporte",
        "descripcion": "Create share one water bar today. Key practice several who gas cut. Better most practice send admit specific for old.",
        "precio": "0.98"
    }
},
{
    "model": "viajes.extra",
    "pk": 13,
    "fields": {
        "nombre": "Street teacher health accept. When could energy fly worker.",
        "tipo": "seguro",
        "descripcion": "Act computer beyond evening find partner send. Much special box thousand.\nEducation want beat fund machine. Child bill anyone my certain action difficult.",
        "precio": "0.19"
    }
},
{
    "model": "viajes.extra",
    "pk": 14,
    "fields": {
        "nombre": "Television responsibility attorney outside understand south. Begin hold Mrs.",
        "tipo": "guia",
        "descripcion": "Organization agreement project air oil contain. Image guy identify second service.\nMight result whole chair stand lawyer. Important seek scene sense not clearly serve.",
        "precio": "0.39"
    }
},
{
    "model": "viajes.extra",
    "pk": 15,
    "fields": {
        "nombre": "Piece family Republican computer parent very. Use throw executive let send bar skill over.",
        "tipo": "guia",
        "descripcion": "Next debate those threat suggest exist like. Article center maybe those central another hit.",
        "precio": "0.57"
    }
},
{
    "model": "viajes.pasaporte",
    "pk": 1,
    "fields": {
        "numero": "If sort mouth blue. Also girl old.",
        "fecha_emision": "2009-03-13",
        "fecha_expiracion": "1976-04-11",
        "nacionalidad": "Blue although scene media popular."
    }
},
{
    "model": "viajes.pasaporte",
    "pk": 2,
    "fields": {
        "numero": "Push serious system above.",
        "fecha_emision": "2021-12-21",
        "fecha_expiracion": "2006-02-14",
        "nacionalidad": "Argue check land mother rule agree."
    }
},
{
    "model": "viajes.pasaporte",
    "pk": 3,
    "fields": {
        "numero": "Which your trial party do tree.",
        "fecha_emision": "1972-01-13",
        "fecha_expiracion": "1985-04-17",
        "nacionalidad": "Similar movie cup. Yet mean story."
    }
},
{
    "model": "viajes.pasaporte",
    "pk": 4,
    "fields": {
        "numero": "Yard record reveal house way such back.",
        "fecha_emision": "2007-09-13",
        "fecha_expiracion": "1982-02-28",
        "nacionalidad": "Throughout building after choice six cover safe."
    }
},
{
    "model": "viajes.pasaporte",
    "pk": 5,
    "fields": {
        "numero": "We such piece scene step deal up several.",
        "fecha_emision": "2003-08-11",
        "fecha_expiracion": "1988-11-19",
        "nacionalidad": "Statement to defense always successful key."
    }
},
{
    "model": "viajes.pasaporte",
    "pk": 6,
    "fields": {
        "numero": "Along want friend task.",
        "fecha_emision": "1980-12-07",
        "fecha_expiracion": "1996-06-21",
        "nacionalidad": "Beyond plan world paper carry major."
    }
},
{
    "model": "viajes.pasaporte",
    "pk": 7,
    "fields": {
        "numero": "White west pay up. Condition less agree.",
        "fecha_emision": "1975-06-19",
        "fecha_expiracion": "1971-11-13",
        "nacionalidad": "Could eat politics. Throw before radio."
    }
},
{
    "model": "viajes.pasaporte",
    "pk": 8,
    "fields": {
        "numero": "Standard majority financial hope happy home.",
        "fecha_emision": "2012-09-22",
        "fecha_expiracion": "1970-12-31",
        "nacionalidad": "Wife process security service."
    }
},
{
    "model": "viajes.pasaporte",
    "pk": 9,
    "fields": {
        "numero": "Police expert yard there possible sort customer.",
        "fecha_emision": "1985-10-01",
        "fecha_expiracion": "2016-08-31",
        "nacionalidad": "Sing scientist first."
    }
},
{
    "model": "viajes.pasaporte",
    "pk": 10,
    "fields": {
        "numero": "Manage catch night.",
        "fecha_emision": "1971-07-14",
        "fecha_expiracion": "2007-10-09",
        "nacionalidad": "Receive system age ten one late."
    }
},
{
    "model": "viajes.pasaporte",
    "pk": 11,
    "fields": {
        "numero": "Chance rich run travel pick whole cut.",
        "fecha_emision": "1975-06-15",
        "fecha_expiracion": "1970-10-12",
        "nacionalidad": "Growth decade himself shoulder."
    }
},
{
    "model": "viajes.pasaporte",
    "pk": 12,
    "fields": {
        "numero": "Among fear class. Also by run also capital.",
        "fecha_emision": "1979-04-16",
        "fecha_expiracion": "2019-10-23",
        "nacionalidad": "That assume capital space."
    }
},
{
    "model": "viajes.pasaporte",
    "pk": 13,
    "fields": {
        "numero": "Short democratic simply hear long.",
        "fecha_emision": "1973-09-08",
        "fecha_expiracion": "1989-03-29",
        "nacionalidad": "On leave lot."
    }
},
{
    "model": "viajes.pasaporte",
    "pk": 14,
    "fields": {
        "numero": "Area staff inside authority beyond game along.",
        "fecha_emision": "2020-03-19",
        "fecha_expiracion": "1990-11-01",
        "nacionalidad": "You low challenge apply local radio."
    }
},
{
    "model": "viajes.pasaporte",
    "pk": 15,
    "fields": {
        "numero": "Experience realize page. Word much time.",
        "fecha_emision": "2017-03-22",
        "fecha_expiracion": "2012-03-07",
        "nacionalidad": "Look return how team action important until."
    }
},
{
    "model": "viajes.pasaporte",
    "pk": 16,
    "fields": {
        "numero": "Military ground night property experience.",
        "fecha_emision": "1976-03-20",
        "fecha_expiracion": "1973-04-29",
        "nacionalidad": "Reason smile good reveal situation show."
    }
},
{
    "model": "viajes.pasaporte",
    "pk": 17,
    "fields": {
        "numero": "Hundred certainly government south heart cut.",
        "fecha_emision": "1986-07-05",
        "fecha_expiracion": "2013-01-07",
        "nacionalidad": "Apply lead score public both return."
    }
},
{
    "model": "viajes.pasaporte",
    "pk": 18,
    "fields": {
        "numero": "Car unit television boy level environment offer.",
        "fecha_emision": "2008-10-22",
        "fecha_expiracion": "1992-11-28",
        "nacionalidad": "Whom to range lawyer thought run student."
    }
},
{
    "model": "viajes.pasaporte",
    "pk": 19,
    "fields": {
        "numero": "Role where though song ask finish door.",
        "fecha_emision": "1986-07-26",
        "fecha_expiracion": "1987-03-02",
        "nacionalidad": "Every move professor suddenly."
    }
},
{
    "model": "viajes.pasaporte",
    "pk": 20,
    "fields": {
        "numero": "Local hot actually affect chair hear sign across.",
        "fecha_emision": "1976-06-29",
        "fecha_expiracion": "2003-05-18",
        "nacionalidad": "Industry similar need recently off mission."
    }
},
{
    "model": "viajes.pasaporte",
    "pk": 21,
    "fields": {
        "numero": "Will model sense piece religious real focus.",
        "fecha_emision": "2016-07-13",
        "fecha_expiracion": "1978-06-19",
        "nacionalidad": "Prove house something nice wrong increase."
    }
},
{
    "model": "viajes.pasaporte",
    "pk": 22,
    "fields": {
        "numero": "Interview pretty health discuss.",
        "fecha_emision": "1993-05-09",
        "fecha_expiracion": "1982-09-17",
        "nacionalidad": "Appear girl main next no help election."
    }
},
{
    "model": "viajes.pasaporte",
    "pk": 23,
    "fields": {
        "numero": "Pressure world notice system forward.",
        "fecha_emision": "2002-06-02",
        "fecha_expiracion": "1973-12-05",
        "nacionalidad": "Answer official despite up even know."
    }
},
{
    "model": "viajes.pasaporte",
    "pk": 24,
    "fields": {
        "numero": "Other lawyer may take finally.",
        "fecha_emision": "2001-05-04",
        "fecha_expiracion": "1970-07-08",
        "nacionalidad": "Wonder imagine college fast task."
    }
},
{
    "model": "viajes.pasaporte",
    "pk": 25,
    "fields": {
        "numero": "Key million guy author worry since education.",
        "fecha_emision": "2006-08-07",
        "fecha_expiracion": "1984-10-02",
        "nacionalidad": "Case maintain hope plan fight letter."
    }
},
{
    "model": "viajes.pasaporte",
    "pk": 26,
    "fields": {
        "numero": "Impact away whatever strong nearly.",
        "fecha_emision": "1997-10-05",
        "fecha_expiracion": "2011-03-01",
        "nacionalidad": "Machine take reach rise firm."
    }
},
{
    "model": "viajes.pasaporte",
    "pk": 27,
    "fields": {
        "numero": "Power food something sing decision.",
        "fecha_emision": "2016-08-06",
        "fecha_expiracion": "1985-06-19",
        "nacionalidad": "Kid party million attorney."
    }
},
{
    "model": "viajes.pasaporte",
    "pk": 28,
    "fields": {
        "numero": "Weight anyone nearly detail statement.",
        "fecha_emision": "2015-04-18",
        "fecha_expiracion": "1994-12-31",
        "nacionalidad": "Easy nation box. Money much worry tend."
    }
},
{
    "model": "viajes.pasaporte",
    "pk": 29,
    "fields": {
        "numero": "Money edge explain environment down.",
        "fecha_emision": "2005-05-18",
        "fecha_expiracion": "2024-03-29",
        "nacionalidad": "We same enter factor pull war."
    }
},
{
    "model": "viajes.pasaporte",
    "pk": 30,
    "fields": {
        "numero": "Imagine discover nation no assume. Us red bed.",
        "fecha_emision": "1978-12-25",
        "fecha_expiracion": "1973-02-01",
        "nacionalidad": "Purpose ten per entire newspaper."
    }
},
{
    "model": "viajes.pasaporte",
    "pk": 31,
    "fields": {
        "numero": "Fast fact likely task size worker.",
        "fecha_emision": "1985-10-08",
        "fecha_expiracion": "2022-09-23",
        "nacionalidad": "Manage exactly day loss wife."
    }
},
{
    "model": "viajes.pasaporte",
    "pk": 32,
    "fields": {
        "numero": "Third lay require control specific seem game.",
        "fecha_emision": "1998-06-23",
        "fecha_expiracion": "1987-07-01",
        "nacionalidad": "Day can common suddenly."
    }
},
{
    "model": "viajes.pasaporte",
    "pk": 33,
    "fields": {
        "numero": "Cup reality idea common save become three.",
        "fecha_emision": "2024-04-07",
        "fecha_expiracion": "1985-08-24",
        "nacionalidad": "Mr wrong people out while."
    }
},
{
    "model": "viajes.pasaporte",
    "pk": 34,
    "fields": {
        "numero": "Institution use imagine.",
        "fecha_emision": "1982-12-05",
        "fecha_expiracion": "2001-05-05",
        "nacionalidad": "Floor you run skill."
    }
},
{
    "model": "viajes.pasaporte",
    "pk": 35,
    "fields": {
        "numero": "Economic although south smile.",
        "fecha_emision": "2013-01-27",
        "fecha_expiracion": "2022-03-20",
        "nacionalidad": "Feeling again article few."
    }
},
{
    "model": "viajes.pasaporte",
    "pk": 36,
    "fields": {
        "numero": "Avoid pull right.",
        "fecha_emision": "1991-03-18",
        "fecha_expiracion": "1984-05-01",
        "nacionalidad": "Card perhaps true manager speech management."
    }
},
{
    "model": "viajes.pasaporte",
    "pk": 37,
    "fields": {
        "numero": "Measure soon low together water.",
        "fecha_emision": "1997-07-10",
        "fecha_expiracion": "1993-03-31",
        "nacionalidad": "Lay own use suggest inside cause benefit."
    }
},
{
    "model": "viajes.pasaporte",
    "pk": 38,
    "fields": {
        "numero": "Evening meet green person commercial course.",
        "fecha_emision": "2003-04-27",
        "fecha_expiracion": "2003-08-13",
        "nacionalidad": "Especially while alone address note success."
    }
},
{
    "model": "viajes.pasaporte",
    "pk": 39,
    "fields": {
        "numero": "Cause her sure next act lay her.",
        "fecha_emision": "2000-04-01",
        "fecha_expiracion": "2005-06-14",
        "nacionalidad": "Both marriage agency sell anyone."
    }
},
{
    "model": "viajes.pasaporte",
    "pk": 40,
    "fields": {
        "numero": "Or per miss consumer card.",
        "fecha_emision": "2009-10-17",
        "fecha_expiracion": "2005-06-15",
        "nacionalidad": "Actually mean see leave grow."
    }
},
{
    "model": "viajes.pasaporte",
    "pk": 41,
    "fields": {
        "numero": "College reality write.",
        "fecha_emision": "1994-10-01",
        "fecha_expiracion": "2002-10-03",
        "nacionalidad": "Likely mind nor protect hand."
    }
},
{
    "model": "viajes.pasaporte",
    "pk": 42,
    "fields": {
        "numero": "Unit ask could force too trouble avoid.",
        "fecha_emision": "1988-05-12",
        "fecha_expiracion": "1980-01-23",
        "nacionalidad": "Concern include fill skin argue foot."
    }
},
{
    "model": "viajes.pasaporte",
    "pk": 43,
    "fields": {
        "numero": "Natural less window hit.",
        "fecha_emision": "2016-08-26",
        "fecha_expiracion": "1971-01-06",
        "nacionalidad": "As phone young behavior person produce."
    }
},
{
    "model": "viajes.pasaporte",
    "pk": 44,
    "fields": {
        "numero": "Song suddenly mind everybody.",
        "fecha_emision": "1998-06-09",
        "fecha_expiracion": "1991-11-10",
        "nacionalidad": "Something wish operation nice."
    }
},
{
    "model": "viajes.pasaporte",
    "pk": 45,
    "fields": {
        "numero": "Wife lead light center family daughter.",
        "fecha_emision": "1975-02-09",
        "fecha_expiracion": "1977-05-06",
        "nacionalidad": "Economy air soldier with wear allow leg."
    }
},
{
    "model": "viajes.transporte",
    "pk": 1,
    "fields": {
        "tipo": "He two part mean. Discuss or game democratic.",
        "capacidad": 30657,
        "disponible": true,
        "costo_por_persona": "0.14",
        "destino": [
            32,
            35,
            39,
            44
        ]
    }
},
{
    "model": "viajes.transporte",
    "pk": 2,
    "fields": {
        "tipo": "Edge reach big speak wear your true know.",
        "capacidad": 21547,
        "disponible": true,
        "costo_por_persona": "0.55",
        "destino": [
            34,
            39,
            42,
            44
        ]
    }
},
{
    "model": "viajes.transporte",
    "pk": 3,
    "fields": {
        "tipo": "Coach brother imagine.",
        "capacidad": 4301,
        "disponible": true,
        "costo_por_persona": "0.98",
        "destino": [
            41
        ]
    }
},
{
    "model": "viajes.transporte",
    "pk": 4,
    "fields": {
        "tipo": "His would recent pressure message.",
        "capacidad": 4769,
        "disponible": true,
        "costo_por_persona": "0.24",
        "destino": [
            31,
            33,
            39
        ]
    }
},
{
    "model": "viajes.transporte",
    "pk": 5,
    "fields": {
        "tipo": "Within bit alone employee.",
        "capacidad": 2674,
        "disponible": true,
        "costo_por_persona": "0.78",
        "destino": [
            31,
            35,
            40
        ]
    }
},
{
    "model": "viajes.transporte",
    "pk": 6,
    "fields": {
        "tipo": "Crime inside cover letter sport.",
        "capacidad": 22501,
        "disponible": true,
        "costo_por_persona": "0.03",
        "destino": [
            35,
            39
        ]
    }
},
{
    "model": "viajes.transporte",
    "pk": 7,
    "fields": {
        "tipo": "News report impact benefit plan hospital hand.",
        "capacidad": 20182,
        "disponible": true,
        "costo_por_persona": "0.99",
        "destino": [
            38,
            43
        ]
    }
},
{
    "model": "viajes.transporte",
    "pk": 8,
    "fields": {
        "tipo": "Section town likely food television thus.",
        "capacidad": 4771,
        "disponible": true,
        "costo_por_persona": "0.81",
        "destino": [
            36,
            39,
            42,
            43
        ]
    }
},
{
    "model": "viajes.transporte",
    "pk": 9,
    "fields": {
        "tipo": "Strategy bank simply security.",
        "capacidad": 29017,
        "disponible": true,
        "costo_por_persona": "0.63",
        "destino": [
            31,
            38,
            40
        ]
    }
},
{
    "model": "viajes.transporte",
    "pk": 10,
    "fields": {
        "tipo": "Century itself soon. No certainly attorney food.",
        "capacidad": 28206,
        "disponible": true,
        "costo_por_persona": "0.67",
        "destino": [
            38,
            43
        ]
    }
},
{
    "model": "viajes.transporte",
    "pk": 11,
    "fields": {
        "tipo": "Mouth garden test charge.",
        "capacidad": 20588,
        "disponible": true,
        "costo_por_persona": "0.38",
        "destino": [
            39,
            41
        ]
    }
},
{
    "model": "viajes.transporte",
    "pk": 12,
    "fields": {
        "tipo": "From ever real light him.",
        "capacidad": 26341,
        "disponible": true,
        "costo_por_persona": "0.20",
        "destino": [
            33,
            35
        ]
    }
},
{
    "model": "viajes.transporte",
    "pk": 13,
    "fields": {
        "tipo": "Particular star less student sometimes.",
        "capacidad": 30666,
        "disponible": true,
        "costo_por_persona": "0.66",
        "destino": [
            35
        ]
    }
},
{
    "model": "viajes.transporte",
    "pk": 14,
    "fields": {
        "tipo": "Him stand whatever fight anything debate lead.",
        "capacidad": 8633,
        "disponible": true,
        "costo_por_persona": "0.18",
        "destino": [
            39
        ]
    }
},
{
    "model": "viajes.transporte",
    "pk": 15,
    "fields": {
        "tipo": "Prove whatever movie.",
        "capacidad": 28243,
        "disponible": true,
        "costo_por_persona": "0.21",
        "destino": [
            32
        ]
    }
},
{
    "model": "viajes.promocion",
    "pk": 1,
    "fields": {
        "nombre": "History accept finally under usually feeling guess. Voice deal also drive amount civil near.",
        "descripcion": "Sing table meet thus risk in many involve. Such throw idea issue number value during. Catch home because both foreign.\nHealth clearly establish leg dark. Bed table dream factor instead perhaps.",
        "descuento_porcentaje": 0.2863831646210431,
        "fecha_inicio": "2012-01-17",
        "fecha_fin": "2017-01-11",
        "activo": true,
        "alojamiento": 1,
        "destino": [
            31,
            32,
            42
        ]
    }
},
{
    "model": "viajes.promocion",
    "pk": 2,
    "fields": {
        "nombre": "Serve oil final story return explain he. Reach the catch toward your factor.",
        "descripcion": "Cause get marriage us. Seat school health. Unit hundred affect any structure as good.",
        "descuento_porcentaje": 0.7958515559046935,
        "fecha_inicio": "2000-07-20",
        "fecha_fin": "1981-06-29",
        "activo": true,
        "alojamiento": 12,
        "destino": [
            31,
            42
        ]
    }
},
{
    "model": "viajes.promocion",
    "pk": 3,
    "fields": {
        "nombre": "Stop else necessary.\nRise so cost also religious I table. Room wish mouth heavy.",
        "descripcion": "Staff success final. Drop learn eye computer beautiful stuff. Article fund senior mention.",
        "descuento_porcentaje": 0.7771474183153235,
        "fecha_inicio": "1988-04-09",
        "fecha_fin": "1983-07-02",
        "activo": true,
        "alojamiento": 5,
        "destino": [
            31
        ]
    }
},
{
    "model": "viajes.promocion",
    "pk": 4,
    "fields": {
        "nombre": "He itself strategy story month. Eat go right everybody interview hour two.",
        "descripcion": "Stuff high animal low project. Appear almost expert officer. Between best work receive near house every drive.",
        "descuento_porcentaje": 0.5316028574004903,
        "fecha_inicio": "1970-08-01",
        "fecha_fin": "2014-07-22",
        "activo": true,
        "alojamiento": 10,
        "destino": [
            35,
            37,
            39
        ]
    }
},
{
    "model": "viajes.promocion",
    "pk": 5,
    "fields": {
        "nombre": "Section whole animal buy safe. Believe indeed question performance face.",
        "descripcion": "Discuss leave spend under its. Across pass word.\nSure question course black foreign.\nCurrent weight president with. Here table responsibility unit agency third. Bag write join play adult.",
        "descuento_porcentaje": 0.7319478458353734,
        "fecha_inicio": "2017-04-23",
        "fecha_fin": "2008-05-27",
        "activo": true,
        "alojamiento": 6,
        "destino": [
            31,
            37,
            38,
            43
        ]
    }
},
{
    "model": "viajes.promocion",
    "pk": 6,
    "fields": {
        "nombre": "Project past lose hot way use. Sign wear might Republican.",
        "descripcion": "Political draw catch she bar population. Street read heavy must month hot media.\nHot order understand young card. Since join but trial. Onto sort area smile.",
        "descuento_porcentaje": 0.8073938513596607,
        "fecha_inicio": "1983-07-10",
        "fecha_fin": "1973-08-31",
        "activo": true,
        "alojamiento": 11,
        "destino": [
            31
        ]
    }
},
{
    "model": "viajes.promocion",
    "pk": 7,
    "fields": {
        "nombre": "Other under apply couple successful. End answer indicate will common husband.",
        "descripcion": "Mouth either tend movement hit part. Sit wait start key character.\nSkin people seven side box agreement reveal campaign. With page capital same.\nHelp a common land. Main full require hand degree.",
        "descuento_porcentaje": 0.9193164251120057,
        "fecha_inicio": "1994-10-29",
        "fecha_fin": "1999-07-14",
        "activo": true,
        "alojamiento": 9,
        "destino": [
            39,
            41,
            42
        ]
    }
},
{
    "model": "viajes.promocion",
    "pk": 8,
    "fields": {
        "nombre": "Hotel resource recently. Past board financial the drop.",
        "descripcion": "Kind thousand and front wrong drop.\nRock treat why pressure still Mrs. Price really clear need walk amount state few.",
        "descuento_porcentaje": 0.6932157758831416,
        "fecha_inicio": "1988-07-21",
        "fecha_fin": "1977-12-07",
        "activo": true,
        "alojamiento": 15,
        "destino": [
            31,
            38
        ]
    }
},
{
    "model": "viajes.promocion",
    "pk": 9,
    "fields": {
        "nombre": "Lead hour consumer window some American mother age. Republican new building.",
        "descripcion": "Door this those edge investment threat. Compare cause health father.\nHealth deal else article member money conference.",
        "descuento_porcentaje": 0.12286440064560744,
        "fecha_inicio": "2021-07-23",
        "fecha_fin": "1986-10-25",
        "activo": true,
        "alojamiento": 3,
        "destino": [
            37,
            40,
            44
        ]
    }
},
{
    "model": "viajes.promocion",
    "pk": 10,
    "fields": {
        "nombre": "Pm through find I. Company your old base white. Factor production likely message.",
        "descripcion": "Ready them value finish pattern political specific. Grow mention south station interest development yet we.\nPrice heavy past black guy. Market wind compare happen always.",
        "descuento_porcentaje": 0.5724668098145624,
        "fecha_inicio": "2018-02-28",
        "fecha_fin": "1970-01-25",
        "activo": true,
        "alojamiento": 7,
        "destino": [
            31,
            32,
            41,
            44
        ]
    }
},
{
    "model": "viajes.promocion",
    "pk": 11,
    "fields": {
        "nombre": "Door discover soldier stay expert. Authority each main play both. City play clear probably.",
        "descripcion": "Each imagine grow page. System possible drive national bring teach where. Interesting management significant exist raise ask.\nLoss boy pull it government along personal.",
        "descuento_porcentaje": 0.4341745551092444,
        "fecha_inicio": "1975-03-28",
        "fecha_fin": "1993-12-15",
        "activo": true,
        "alojamiento": 4,
        "destino": [
            41
        ]
    }
},
{
    "model": "viajes.promocion",
    "pk": 12,
    "fields": {
        "nombre": "Several someone with identify.",
        "descripcion": "Hear cause agency ready experience song itself. Pull too everyone modern continue significant experience. Smile thousand run wear example even. To child white newspaper.",
        "descuento_porcentaje": 0.4554743019316996,
        "fecha_inicio": "1985-12-25",
        "fecha_fin": "2002-04-03",
        "activo": true,
        "alojamiento": 2,
        "destino": [
            37,
            43
        ]
    }
},
{
    "model": "viajes.promocion",
    "pk": 13,
    "fields": {
        "nombre": "Ever their law already. Learn far player week those area.",
        "descripcion": "Writer check back realize. Career project should try cup. Course girl above our step deal later.",
        "descuento_porcentaje": 0.15908613110880698,
        "fecha_inicio": "1983-04-05",
        "fecha_fin": "2008-08-09",
        "activo": true,
        "alojamiento": 14,
        "destino": [
            39,
            40
        ]
    }
},
{
    "model": "viajes.promocion",
    "pk": 14,
    "fields": {
        "nombre": "Gas though Mrs here yet. Become attention in second now nice need fish. Evening key clearly city.",
        "descripcion": "Because shoulder tax. Board step size young star receive.\nAttention cover hot responsibility. Effect gas involve receive.",
        "descuento_porcentaje": 0.13952064367429629,
        "fecha_inicio": "1996-11-26",
        "fecha_fin": "1979-02-26",
        "activo": true,
        "alojamiento": 13,
        "destino": [
            43,
            45
        ]
    }
},
{
    "model": "viajes.promocion",
    "pk": 15,
    "fields": {
        "nombre": "Identify machine modern prevent model. Ability yes under own.",
        "descripcion": "Go here he enter wide. Top force scientist less yes believe.\nStar let town. Movement traditional task first. See group scene arrive. Senior feeling company hit family.",
        "descuento_porcentaje": 0.04554672728296971,
        "fecha_inicio": "1983-09-04",
        "fecha_fin": "2003-02-23",
        "activo": true,
        "alojamiento": 8,
        "destino": [
            44
        ]
    }
},
{
    "model": "viajes.factura",
    "pk": 1,
    "fields": {
        "numero_factura": "During eight build.",
        "fecha_emision": "1992-05-13",
        "coste": "0.01",
        "metodo_pago": "Tarjeta",
        "reserva": 12
    }
},
{
    "model": "viajes.factura",
    "pk": 2,
    "fields": {
        "numero_factura": "Former body.",
        "fecha_emision": "1990-02-24",
        "coste": "0.63",
        "metodo_pago": "Tarjeta",
        "reserva": 5
    }
},
{
    "model": "viajes.factura",
    "pk": 3,
    "fields": {
        "numero_factura": "Occur foreign.",
        "fecha_emision": "1970-12-01",
        "coste": "0.79",
        "metodo_pago": "Efectivo",
        "reserva": 4
    }
},
{
    "model": "viajes.factura",
    "pk": 4,
    "fields": {
        "numero_factura": "May side mouth.",
        "fecha_emision": "2012-04-25",
        "coste": "0.68",
        "metodo_pago": "Tarjeta",
        "reserva": 14
    }
},
{
    "model": "viajes.factura",
    "pk": 5,
    "fields": {
        "numero_factura": "Low admit network.",
        "fecha_emision": "1977-07-31",
        "coste": "0.61",
        "metodo_pago": "Transferencia",
        "reserva": 2
    }
},
{
    "model": "viajes.factura",
    "pk": 6,
    "fields": {
        "numero_factura": "Law worker if class.",
        "fecha_emision": "1991-06-25",
        "coste": "0.52",
        "metodo_pago": "Tarjeta",
        "reserva": 10
    }
},
{
    "model": "viajes.factura",
    "pk": 7,
    "fields": {
        "numero_factura": "Financial drive.",
        "fecha_emision": "1972-07-06",
        "coste": "0.45",
        "metodo_pago": "Transferencia",
        "reserva": 11
    }
},
{
    "model": "viajes.factura",
    "pk": 8,
    "fields": {
        "numero_factura": "Security employee.",
        "fecha_emision": "2021-04-29",
        "coste": "0.88",
        "metodo_pago": "Efectivo",
        "reserva": 9
    }
},
{
    "model": "viajes.factura",
    "pk": 9,
    "fields": {
        "numero_factura": "Father expert.",
        "fecha_emision": "2018-09-27",
        "coste": "0.92",
        "metodo_pago": "Efectivo",
        "reserva": 15
    }
},
{
    "model": "viajes.factura",
    "pk": 10,
    "fields": {
        "numero_factura": "Possible morning.",
        "fecha_emision": "2007-06-08",
        "coste": "0.32",
        "metodo_pago": "Efectivo",
        "reserva": 13
    }
},
{
    "model": "viajes.factura",
    "pk": 11,
    "fields": {
        "numero_factura": "Past simple down.",
        "fecha_emision": "2007-07-19",
        "coste": "0.63",
        "metodo_pago": "Transferencia",
        "reserva": 6
    }
},
{
    "model": "viajes.factura",
    "pk": 12,
    "fields": {
        "numero_factura": "Various agree all.",
        "fecha_emision": "2001-03-07",
        "coste": "0.94",
        "metodo_pago": "Transferencia",
        "reserva": 1
    }
},
{
    "model": "viajes.factura",
    "pk": 13,
    "fields": {
        "numero_factura": "Hard how memory.",
        "fecha_emision": "2005-10-05",
        "coste": "0.89",
        "metodo_pago": "Transferencia",
        "reserva": 3
    }
},
{
    "model": "viajes.factura",
    "pk": 14,
    "fields": {
        "numero_factura": "Bank author style.",
        "fecha_emision": "1990-02-05",
        "coste": "0.17",
        "metodo_pago": "Efectivo",
        "reserva": 7
    }
},
{
    "model": "viajes.factura",
    "pk": 15,
    "fields": {
        "numero_factura": "Outside six story.",
        "fecha_emision": "1998-10-29",
        "coste": "0.31",
        "metodo_pago": "Transferencia",
        "reserva": 8
    }
},
{
    "model": "viajes.extrareserva",
    "pk": 1,
    "fields": {
        "reserva": 2,
        "extra": 1,
        "cantidad": 1
    }
},
{
    "model": "viajes.extrareserva",
    "pk": 2,
    "fields": {
        "reserva": 8,
        "extra": 1,
        "cantidad": 1
    }
},
{
    "model": "viajes.extrareserva",
    "pk": 3,
    "fields": {
        "reserva": 12,
        "extra": 2,
        "cantidad": 1
    }
},
{
    "model": "viajes.extrareserva",
    "pk": 4,
    "fields": {
        "reserva": 8,
        "extra": 3,
        "cantidad": 1
    }
},
{
    "model": "viajes.extrareserva",
    "pk": 5,
    "fields": {
        "reserva": 13,
        "extra": 3,
        "cantidad": 1
    }
},
{
    "model": "viajes.extrareserva",
    "pk": 6,
    "fields": {
        "reserva": 3,
        "extra": 4,
        "cantidad": 1
    }
},
{
    "model": "viajes.extrareserva",
    "pk": 7,
    "fields": {
        "reserva": 8,
        "extra": 4,
        "cantidad": 1
    }
},
{
    "model": "viajes.extrareserva",
    "pk": 8,
    "fields": {
        "reserva": 8,
        "extra": 5,
        "cantidad": 1
    }
},
{
    "model": "viajes.extrareserva",
    "pk": 9,
    "fields": {
        "reserva": 12,
        "extra": 6,
        "cantidad": 1
    }
},
{
    "model": "viajes.extrareserva",
    "pk": 10,
    "fields": {
        "reserva": 2,
        "extra": 6,
        "cantidad": 1
    }
},
{
    "model": "viajes.extrareserva",
    "pk": 11,
    "fields": {
        "reserva": 6,
        "extra": 7,
        "cantidad": 1
    }
},
{
    "model": "viajes.extrareserva",
    "pk": 12,
    "fields": {
        "reserva": 9,
        "extra": 7,
        "cantidad": 1
    }
},
{
    "model": "viajes.extrareserva",
    "pk": 13,
    "fields": {
        "reserva": 15,
        "extra": 7,
        "cantidad": 1
    }
},
{
    "model": "viajes.extrareserva",
    "pk": 14,
    "fields": {
        "reserva": 5,
        "extra": 8,
        "cantidad": 1
    }
},
{
    "model": "viajes.extrareserva",
    "pk": 15,
    "fields": {
        "reserva": 15,
        "extra": 8,
        "cantidad": 1
    }
},
{
    "model": "viajes.extrareserva",
    "pk": 16,
    "fields": {
        "reserva": 12,
        "extra": 9,
        "cantidad": 1
    }
},
{
    "model": "viajes.extrareserva",
    "pk": 17,
    "fields": {
        "reserva": 4,
        "extra": 9,
        "cantidad": 1
    }
},
{
    "model": "viajes.extrareserva",
    "pk": 18,
    "fields": {
        "reserva": 9,
        "extra": 10,
        "cantidad": 1
    }
},
{
    "model": "viajes.extrareserva",
    "pk": 19,
    "fields": {
        "reserva": 9,
        "extra": 11,
        "cantidad": 1
    }
},
{
    "model": "viajes.extrareserva",
    "pk": 20,
    "fields": {
        "reserva": 5,
        "extra": 12,
        "cantidad": 1
    }
},
{
    "model": "viajes.extrareserva",
    "pk": 21,
    "fields": {
        "reserva": 3,
        "extra": 13,
        "cantidad": 1
    }
},
{
    "model": "viajes.extrareserva",
    "pk": 22,
    "fields": {
        "reserva": 9,
        "extra": 13,
        "cantidad": 1
    }
},
{
    "model": "viajes.extrareserva",
    "pk": 23,
    "fields": {
        "reserva": 4,
        "extra": 13,
        "cantidad": 1
    }
},
{
    "model": "viajes.extrareserva",
    "pk": 24,
    "fields": {
        "reserva": 8,
        "extra": 13,
        "cantidad": 1
    }
},
{
    "model": "viajes.extrareserva",
    "pk": 25,
    "fields": {
        "reserva": 6,
        "extra": 14,
        "cantidad": 1
    }
},
{
    "model": "viajes.extrareserva",
    "pk": 26,
    "fields": {
        "reserva": 12,
        "extra": 14,
        "cantidad": 1
    }
},
{
    "model": "viajes.extrareserva",
    "pk": 27,
    "fields": {
        "reserva": 4,
        "extra": 14,
        "cantidad": 1
    }
},
{
    "model": "viajes.extrareserva",
    "pk": 28,
    "fields": {
        "reserva": 5,
        "extra": 15,
        "cantidad": 1
    }
},
{
    "model": "viajes.extrareserva",
    "pk": 29,
    "fields": {
        "reserva": 7,
        "extra": 9,
        "cantidad": 1
    }
},
{
    "model": "viajes.extrareserva",
    "pk": 30,
    "fields": {
        "reserva": 11,
        "extra": 14,
        "cantidad": 1
    }
},
{
    "model": "viajes.extrareserva",
    "pk": 31,
    "fields": {
        "reserva": 15,
        "extra": 14,
        "cantidad": 1
    }
},
{
    "model": "viajes.extrareserva",
    "pk": 32,
    "fields": {
        "reserva": 15,
        "extra": 11,
        "cantidad": 1
    }
},
{
    "model": "viajes.extrareserva",
    "pk": 33,
    "fields": {
        "reserva": 9,
        "extra": 8,
        "cantidad": 1
    }
},
{
    "model": "viajes.extrareserva",
    "pk": 34,
    "fields": {
        "reserva": 9,
        "extra": 5,
        "cantidad": 1
    }
},
{
    "model": "viajes.extrareserva",
    "pk": 35,
    "fields": {
        "reserva": 5,
        "extra": 5,
        "cantidad": 1
    }
},
{
    "model": "viajes.extrareserva",
    "pk": 36,
    "fields": {
        "reserva": 13,
        "extra": 15,
        "cantidad": 1
    }
},
{
    "model": "viajes.extrareserva",
    "pk": 37,
    "fields": {
        "reserva": 1,
        "extra": 1,
        "cantidad": 1
    }
},
{
    "model": "viajes.extrareserva",
    "pk": 38,
    "fields": {
        "reserva": 9,
        "extra": 4,
        "cantidad": 1
    }
},
{
    "model": "viajes.extrareserva",
    "pk": 39,
    "fields": {
        "reserva": 7,
        "extra": 4,
        "cantidad": 1
    }
},
{
    "model": "viajes.extrareserva",
    "pk": 40,
    "fields": {
        "reserva": 9,
        "extra": 7,
        "cantidad": 1
    }
},
{
    "model": "viajes.extrareserva",
    "pk": 41,
    "fields": {
        "reserva": 6,
        "extra": 6,
        "cantidad": 1
    }
},
{
    "model": "viajes.extrareserva",
    "pk": 42,
    "fields": {
        "reserva": 10,
        "extra": 9,
        "cantidad": 1
    }
},
{
    "model": "viajes.extrareserva",
    "pk": 43,
    "fields": {
        "reserva": 10,
        "extra": 7,
        "cantidad": 1
    }
}
]
