[
{
    "model": "auth.permission",
    "pk": 1,
    "fields": {
        "name": "Can add log entry",
        "content_type": 1,
        "codename": "add_logentry"
    }
},
{
    "model": "auth.permission",
    "pk": 2,
    "fields": {
        "name": "Can change log entry",
        "content_type": 1,
        "codename": "change_logentry"
    }
},
{
    "model": "auth.permission",
    "pk": 3,
    "fields": {
        "name": "Can delete log entry",
        "content_type": 1,
        "codename": "delete_logentry"
    }
},
{
    "model": "auth.permission",
    "pk": 4,
    "fields": {
        "name": "Can view log entry",
        "content_type": 1,
        "codename": "view_logentry"
    }
},
{
    "model": "auth.permission",
    "pk": 5,
    "fields": {
        "name": "Can add permission",
        "content_type": 2,
        "codename": "add_permission"
    }
},
{
    "model": "auth.permission",
    "pk": 6,
    "fields": {
        "name": "Can change permission",
        "content_type": 2,
        "codename": "change_permission"
    }
},
{
    "model": "auth.permission",
    "pk": 7,
    "fields": {
        "name": "Can delete permission",
        "content_type": 2,
        "codename": "delete_permission"
    }
},
{
    "model": "auth.permission",
    "pk": 8,
    "fields": {
        "name": "Can view permission",
        "content_type": 2,
        "codename": "view_permission"
    }
},
{
    "model": "auth.permission",
    "pk": 9,
    "fields": {
        "name": "Can add group",
        "content_type": 3,
        "codename": "add_group"
    }
},
{
    "model": "auth.permission",
    "pk": 10,
    "fields": {
        "name": "Can change group",
        "content_type": 3,
        "codename": "change_group"
    }
},
{
    "model": "auth.permission",
    "pk": 11,
    "fields": {
        "name": "Can delete group",
        "content_type": 3,
        "codename": "delete_group"
    }
},
{
    "model": "auth.permission",
    "pk": 12,
    "fields": {
        "name": "Can view group",
        "content_type": 3,
        "codename": "view_group"
    }
},
{
    "model": "auth.permission",
    "pk": 13,
    "fields": {
        "name": "Can add user",
        "content_type": 4,
        "codename": "add_user"
    }
},
{
    "model": "auth.permission",
    "pk": 14,
    "fields": {
        "name": "Can change user",
        "content_type": 4,
        "codename": "change_user"
    }
},
{
    "model": "auth.permission",
    "pk": 15,
    "fields": {
        "name": "Can delete user",
        "content_type": 4,
        "codename": "delete_user"
    }
},
{
    "model": "auth.permission",
    "pk": 16,
    "fields": {
        "name": "Can view user",
        "content_type": 4,
        "codename": "view_user"
    }
},
{
    "model": "auth.permission",
    "pk": 17,
    "fields": {
        "name": "Can add content type",
        "content_type": 5,
        "codename": "add_contenttype"
    }
},
{
    "model": "auth.permission",
    "pk": 18,
    "fields": {
        "name": "Can change content type",
        "content_type": 5,
        "codename": "change_contenttype"
    }
},
{
    "model": "auth.permission",
    "pk": 19,
    "fields": {
        "name": "Can delete content type",
        "content_type": 5,
        "codename": "delete_contenttype"
    }
},
{
    "model": "auth.permission",
    "pk": 20,
    "fields": {
        "name": "Can view content type",
        "content_type": 5,
        "codename": "view_contenttype"
    }
},
{
    "model": "auth.permission",
    "pk": 21,
    "fields": {
        "name": "Can add session",
        "content_type": 6,
        "codename": "add_session"
    }
},
{
    "model": "auth.permission",
    "pk": 22,
    "fields": {
        "name": "Can change session",
        "content_type": 6,
        "codename": "change_session"
    }
},
{
    "model": "auth.permission",
    "pk": 23,
    "fields": {
        "name": "Can delete session",
        "content_type": 6,
        "codename": "delete_session"
    }
},
{
    "model": "auth.permission",
    "pk": 24,
    "fields": {
        "name": "Can view session",
        "content_type": 6,
        "codename": "view_session"
    }
},
{
    "model": "auth.permission",
    "pk": 25,
    "fields": {
        "name": "Can add usuario",
        "content_type": 7,
        "codename": "add_usuario"
    }
},
{
    "model": "auth.permission",
    "pk": 26,
    "fields": {
        "name": "Can change usuario",
        "content_type": 7,
        "codename": "change_usuario"
    }
},
{
    "model": "auth.permission",
    "pk": 27,
    "fields": {
        "name": "Can delete usuario",
        "content_type": 7,
        "codename": "delete_usuario"
    }
},
{
    "model": "auth.permission",
    "pk": 28,
    "fields": {
        "name": "Can view usuario",
        "content_type": 7,
        "codename": "view_usuario"
    }
},
{
    "model": "auth.permission",
    "pk": 29,
    "fields": {
        "name": "Can add destino",
        "content_type": 8,
        "codename": "add_destino"
    }
},
{
    "model": "auth.permission",
    "pk": 30,
    "fields": {
        "name": "Can change destino",
        "content_type": 8,
        "codename": "change_destino"
    }
},
{
    "model": "auth.permission",
    "pk": 31,
    "fields": {
        "name": "Can delete destino",
        "content_type": 8,
        "codename": "delete_destino"
    }
},
{
    "model": "auth.permission",
    "pk": 32,
    "fields": {
        "name": "Can view destino",
        "content_type": 8,
        "codename": "view_destino"
    }
},
{
    "model": "auth.permission",
    "pk": 33,
    "fields": {
        "name": "Can add reserva",
        "content_type": 9,
        "codename": "add_reserva"
    }
},
{
    "model": "auth.permission",
    "pk": 34,
    "fields": {
        "name": "Can change reserva",
        "content_type": 9,
        "codename": "change_reserva"
    }
},
{
    "model": "auth.permission",
    "pk": 35,
    "fields": {
        "name": "Can delete reserva",
        "content_type": 9,
        "codename": "delete_reserva"
    }
},
{
    "model": "auth.permission",
    "pk": 36,
    "fields": {
        "name": "Can view reserva",
        "content_type": 9,
        "codename": "view_reserva"
    }
},
{
    "model": "auth.permission",
    "pk": 37,
    "fields": {
        "name": "Can add comentario",
        "content_type": 10,
        "codename": "add_comentario"
    }
},
{
    "model": "auth.permission",
    "pk": 38,
    "fields": {
        "name": "Can change comentario",
        "content_type": 10,
        "codename": "change_comentario"
    }
},
{
    "model": "auth.permission",
    "pk": 39,
    "fields": {
        "name": "Can delete comentario",
        "content_type": 10,
        "codename": "delete_comentario"
    }
},
{
    "model": "auth.permission",
    "pk": 40,
    "fields": {
        "name": "Can view comentario",
        "content_type": 10,
        "codename": "view_comentario"
    }
},
{
    "model": "auth.permission",
    "pk": 41,
    "fields": {
        "name": "Can add alojamiento",
        "content_type": 11,
        "codename": "add_alojamiento"
    }
},
{
    "model": "auth.permission",
    "pk": 42,
    "fields": {
        "name": "Can change alojamiento",
        "content_type": 11,
        "codename": "change_alojamiento"
    }
},
{
    "model": "auth.permission",
    "pk": 43,
    "fields": {
        "name": "Can delete alojamiento",
        "content_type": 11,
        "codename": "delete_alojamiento"
    }
},
{
    "model": "auth.permission",
    "pk": 44,
    "fields": {
        "name": "Can view alojamiento",
        "content_type": 11,
        "codename": "view_alojamiento"
    }
},
{
    "model": "auth.permission",
    "pk": 45,
    "fields": {
        "name": "Can add extra",
        "content_type": 12,
        "codename": "add_extra"
    }
},
{
    "model": "auth.permission",
    "pk": 46,
    "fields": {
        "name": "Can change extra",
        "content_type": 12,
        "codename": "change_extra"
    }
},
{
    "model": "auth.permission",
    "pk": 47,
    "fields": {
        "name": "Can delete extra",
        "content_type": 12,
        "codename": "delete_extra"
    }
},
{
    "model": "auth.permission",
    "pk": 48,
    "fields": {
        "name": "Can view extra",
        "content_type": 12,
        "codename": "view_extra"
    }
},
{
    "model": "auth.permission",
    "pk": 49,
    "fields": {
        "name": "Can add pasaporte",
        "content_type": 13,
        "codename": "add_pasaporte"
    }
},
{
    "model": "auth.permission",
    "pk": 50,
    "fields": {
        "name": "Can change pasaporte",
        "content_type": 13,
        "codename": "change_pasaporte"
    }
},
{
    "model": "auth.permission",
    "pk": 51,
    "fields": {
        "name": "Can delete pasaporte",
        "content_type": 13,
        "codename": "delete_pasaporte"
    }
},
{
    "model": "auth.permission",
    "pk": 52,
    "fields": {
        "name": "Can view pasaporte",
        "content_type": 13,
        "codename": "view_pasaporte"
    }
},
{
    "model": "auth.permission",
    "pk": 53,
    "fields": {
        "name": "Can add transporte",
        "content_type": 14,
        "codename": "add_transporte"
    }
},
{
    "model": "auth.permission",
    "pk": 54,
    "fields": {
        "name": "Can change transporte",
        "content_type": 14,
        "codename": "change_transporte"
    }
},
{
    "model": "auth.permission",
    "pk": 55,
    "fields": {
        "name": "Can delete transporte",
        "content_type": 14,
        "codename": "delete_transporte"
    }
},
{
    "model": "auth.permission",
    "pk": 56,
    "fields": {
        "name": "Can view transporte",
        "content_type": 14,
        "codename": "view_transporte"
    }
},
{
    "model": "auth.permission",
    "pk": 57,
    "fields": {
        "name": "Can add promocion",
        "content_type": 15,
        "codename": "add_promocion"
    }
},
{
    "model": "auth.permission",
    "pk": 58,
    "fields": {
        "name": "Can change promocion",
        "content_type": 15,
        "codename": "change_promocion"
    }
},
{
    "model": "auth.permission",
    "pk": 59,
    "fields": {
        "name": "Can delete promocion",
        "content_type": 15,
        "codename": "delete_promocion"
    }
},
{
    "model": "auth.permission",
    "pk": 60,
    "fields": {
        "name": "Can view promocion",
        "content_type": 15,
        "codename": "view_promocion"
    }
},
{
    "model": "auth.permission",
    "pk": 61,
    "fields": {
        "name": "Can add factura",
        "content_type": 16,
        "codename": "add_factura"
    }
},
{
    "model": "auth.permission",
    "pk": 62,
    "fields": {
        "name": "Can change factura",
        "content_type": 16,
        "codename": "change_factura"
    }
},
{
    "model": "auth.permission",
    "pk": 63,
    "fields": {
        "name": "Can delete factura",
        "content_type": 16,
        "codename": "delete_factura"
    }
},
{
    "model": "auth.permission",
    "pk": 64,
    "fields": {
        "name": "Can view factura",
        "content_type": 16,
        "codename": "view_factura"
    }
},
{
    "model": "auth.permission",
    "pk": 65,
    "fields": {
        "name": "Can add extra reserva",
        "content_type": 17,
        "codename": "add_extrareserva"
    }
},
{
    "model": "auth.permission",
    "pk": 66,
    "fields": {
        "name": "Can change extra reserva",
        "content_type": 17,
        "codename": "change_extrareserva"
    }
},
{
    "model": "auth.permission",
    "pk": 67,
    "fields": {
        "name": "Can delete extra reserva",
        "content_type": 17,
        "codename": "delete_extrareserva"
    }
},
{
    "model": "auth.permission",
    "pk": 68,
    "fields": {
        "name": "Can view extra reserva",
        "content_type": 17,
        "codename": "view_extrareserva"
    }
},
{
    "model": "contenttypes.contenttype",
    "pk": 1,
    "fields": {
        "app_label": "admin",
        "model": "logentry"
    }
},
{
    "model": "contenttypes.contenttype",
    "pk": 2,
    "fields": {
        "app_label": "auth",
        "model": "permission"
    }
},
{
    "model": "contenttypes.contenttype",
    "pk": 3,
    "fields": {
        "app_label": "auth",
        "model": "group"
    }
},
{
    "model": "contenttypes.contenttype",
    "pk": 4,
    "fields": {
        "app_label": "auth",
        "model": "user"
    }
},
{
    "model": "contenttypes.contenttype",
    "pk": 5,
    "fields": {
        "app_label": "contenttypes",
        "model": "contenttype"
    }
},
{
    "model": "contenttypes.contenttype",
    "pk": 6,
    "fields": {
        "app_label": "sessions",
        "model": "session"
    }
},
{
    "model": "contenttypes.contenttype",
    "pk": 7,
    "fields": {
        "app_label": "viajes",
        "model": "usuario"
    }
},
{
    "model": "contenttypes.contenttype",
    "pk": 8,
    "fields": {
        "app_label": "viajes",
        "model": "destino"
    }
},
{
    "model": "contenttypes.contenttype",
    "pk": 9,
    "fields": {
        "app_label": "viajes",
        "model": "reserva"
    }
},
{
    "model": "contenttypes.contenttype",
    "pk": 10,
    "fields": {
        "app_label": "viajes",
        "model": "comentario"
    }
},
{
    "model": "contenttypes.contenttype",
    "pk": 11,
    "fields": {
        "app_label": "viajes",
        "model": "alojamiento"
    }
},
{
    "model": "contenttypes.contenttype",
    "pk": 12,
    "fields": {
        "app_label": "viajes",
        "model": "extra"
    }
},
{
    "model": "contenttypes.contenttype",
    "pk": 13,
    "fields": {
        "app_label": "viajes",
        "model": "pasaporte"
    }
},
{
    "model": "contenttypes.contenttype",
    "pk": 14,
    "fields": {
        "app_label": "viajes",
        "model": "transporte"
    }
},
{
    "model": "contenttypes.contenttype",
    "pk": 15,
    "fields": {
        "app_label": "viajes",
        "model": "promocion"
    }
},
{
    "model": "contenttypes.contenttype",
    "pk": 16,
    "fields": {
        "app_label": "viajes",
        "model": "factura"
    }
},
{
    "model": "contenttypes.contenttype",
    "pk": 17,
    "fields": {
        "app_label": "viajes",
        "model": "extrareserva"
    }
},
{
    "model": "viajes.usuario",
    "pk": 1,
    "fields": {
        "nombre": "Seem sister draw pretty. Attorney huge move best soon myself. Contain which describe approach.\nAfter ago degree wind war. Since present do sort couple hair food.",
        "correo": "turnerdrew@example.org",
        "telefono": "Group military gas.",
        "edad": 20983,
        "contraseña": "Area need style can among study number. Standard nearly they likely news another. Physical daughter field decade six. Whether all choose class card television.",
        "fecha_registro": "2010-04-16"
    }
},
{
    "model": "viajes.usuario",
    "pk": 2,
    "fields": {
        "nombre": "Easy development business involve mean night. Weight pattern from low than.\nWait along party still state. His thing skill information score. On dark half for must.",
        "correo": "hadkins@example.org",
        "telefono": "Those last fund own.",
        "edad": -3140,
        "contraseña": "Happy act establish decision. Financial production guess worker model claim section big. Try several usually. Fill wide citizen nothing somebody grow resource.",
        "fecha_registro": "1989-06-17"
    }
},
{
    "model": "viajes.usuario",
    "pk": 3,
    "fields": {
        "nombre": "Song leg measure economy. Interview recently central probably. Themselves stay black energy show wear. A purpose business.\nSecurity pretty recent this politics production. Yeah know act news.",
        "correo": "mahoneyvirginia@example.net",
        "telefono": "Form resource ago.",
        "edad": 31729,
        "contraseña": "Movement fact fact woman she level. Include you ball require car.\nBuilding medical sport could same we treatment. Carry door true it.",
        "fecha_registro": "2014-04-04"
    }
},
{
    "model": "viajes.usuario",
    "pk": 4,
    "fields": {
        "nombre": "Window on blood ahead big scene mind. Help still send fire. Budget program financial push.\nPoor anyone national step likely. Budget cut standard seem alone daughter cup.",
        "correo": "nelsonmonica@example.com",
        "telefono": "Four scientist.",
        "edad": 3780,
        "contraseña": "World small week eat. Special seem argue yes analysis add.\nOperation game campaign role with. Finally someone arm front tell make expect.",
        "fecha_registro": "1974-10-08"
    }
},
{
    "model": "viajes.usuario",
    "pk": 5,
    "fields": {
        "nombre": "Exist step impact wear order others world. Statement decade social rule. Tonight concern tough speak foot dog.\nMusic summer sister. Again chance new you family raise.",
        "correo": "randy30@example.org",
        "telefono": "Hot wife discuss.",
        "edad": -3498,
        "contraseña": "Check article either try sport. Cut do particularly leg term go scene. Should serious opportunity design travel right.",
        "fecha_registro": "1996-06-14"
    }
},
{
    "model": "viajes.usuario",
    "pk": 6,
    "fields": {
        "nombre": "Old particular how design. Serious red this central exactly.\nSchool leave half perform. Dinner enough prepare draw nice magazine story. Relate yet success movie fish protect bank.",
        "correo": "beardangel@example.org",
        "telefono": "Various say know.",
        "edad": -24658,
        "contraseña": "Nice example eye piece. Major produce several newspaper health citizen. Year prove beyond tax force.\nTough federal American task magazine every beautiful. Safe see tree occur.",
        "fecha_registro": "2005-10-20"
    }
},
{
    "model": "viajes.usuario",
    "pk": 7,
    "fields": {
        "nombre": "Reduce society door tree little.\nWould stay ability. Thing debate manager type turn. Figure green inside daughter finally upon yard.",
        "correo": "dennisandrew@example.com",
        "telefono": "Discover investment.",
        "edad": -32561,
        "contraseña": "Produce give base me court animal role. Always century majority skill. Away law artist TV sign act thank.",
        "fecha_registro": "2018-07-13"
    }
},
{
    "model": "viajes.usuario",
    "pk": 8,
    "fields": {
        "nombre": "Safe major throw reason many nor agency. Remain be parent thousand.\nDuring identify anyone boy option.\nPass little child.",
        "correo": "znewton@example.net",
        "telefono": "Manage recent.",
        "edad": 28786,
        "contraseña": "Within east land she treat. Year life state total color factor interview. Letter coach though fact. Cost friend significant walk.\nFace southern center mention. Every this own play.",
        "fecha_registro": "2016-03-11"
    }
},
{
    "model": "viajes.usuario",
    "pk": 9,
    "fields": {
        "nombre": "Subject quality shoulder improve impact sort provide. Identify seven loss week north. Serve live look finally.",
        "correo": "sharon02@example.net",
        "telefono": "Teacher and student.",
        "edad": 22685,
        "contraseña": "Loss change different commercial girl any. Father learn boy official certain fire.\nSpend recently soldier less plan whatever. Of improve future crime would.",
        "fecha_registro": "2011-03-26"
    }
},
{
    "model": "viajes.usuario",
    "pk": 10,
    "fields": {
        "nombre": "About political show one professor citizen next. Way situation front.\nGuy surface national.",
        "correo": "uwall@example.org",
        "telefono": "Office talk into.",
        "edad": -30932,
        "contraseña": "State election guess read history quality relationship. Upon technology program assume.\nContinue toward attack response call.",
        "fecha_registro": "2001-08-07"
    }
},
{
    "model": "viajes.usuario",
    "pk": 11,
    "fields": {
        "nombre": "Pay white or. Behavior debate newspaper away true office cost. Bit man eight prepare member them technology player.",
        "correo": "whendrix@example.net",
        "telefono": "Everything despite.",
        "edad": 4686,
        "contraseña": "From he in will. Large door begin bank instead bar left international. Cover another agree day to.\nEither already system more whether everyone return eight.",
        "fecha_registro": "2000-06-14"
    }
},
{
    "model": "viajes.usuario",
    "pk": 12,
    "fields": {
        "nombre": "Part through guy build house far everybody wait. Financial according however other. Chance economy then large stage among meet.",
        "correo": "uduarte@example.org",
        "telefono": "Red figure property.",
        "edad": -2667,
        "contraseña": "Trial now heavy should dream course cold. Bag along production movement by sea design. Do explain man enough scene couple.",
        "fecha_registro": "1978-01-22"
    }
},
{
    "model": "viajes.usuario",
    "pk": 13,
    "fields": {
        "nombre": "Garden idea focus whole. Class community grow we office kid often.\nDescribe rise ok star main field stand. Property free wide actually condition deal specific.",
        "correo": "brian44@example.net",
        "telefono": "Door out dark level.",
        "edad": -18535,
        "contraseña": "Door key try yet order consumer difficult. Ball voice brother on factor born. Price summer operation soldier.\nDrop alone address every. Security help tree letter second likely wear however.",
        "fecha_registro": "1996-06-12"
    }
},
{
    "model": "viajes.usuario",
    "pk": 14,
    "fields": {
        "nombre": "Once huge campaign.\nMr full various model. Recent idea identify down show. Able continue follow name soon.\nGarden really support. Man focus television world during room.",
        "correo": "moorekimberly@example.org",
        "telefono": "Sit institution.",
        "edad": -19526,
        "contraseña": "Anyone offer side case husband machine. Look organization perhaps imagine generation concern. Feeling that rise imagine quality defense source similar.",
        "fecha_registro": "1993-09-06"
    }
},
{
    "model": "viajes.usuario",
    "pk": 15,
    "fields": {
        "nombre": "Mr just thank always. Any central century guy person media else.\nWorker she economy decision. Course old degree edge stuff. Country understand whatever.",
        "correo": "carroyo@example.com",
        "telefono": "Along though house.",
        "edad": 26709,
        "contraseña": "Probably bed city town. Camera position let capital thank brother a. Who more employee field might agreement threat responsibility.",
        "fecha_registro": "1979-04-02"
    }
},
{
    "model": "viajes.destino",
    "pk": 1,
    "fields": {
        "nombre": "Car well week let ask hope give international. Doctor safe simply house. Organization rate century significant manage spend.",
        "pais": "Learn live with push herself measure.",
        "descripcion": "Sit war reason traditional national still. All little medical build need.",
        "popularidad": 0.6672873979110543
    }
},
{
    "model": "viajes.destino",
    "pk": 2,
    "fields": {
        "nombre": "Science everybody enough service if. Short thing question tree certainly hour.\nDescribe cut ask role fast institution son recognize. Exist animal section work carry.",
        "pais": "Star activity officer easy act wish weight.",
        "descripcion": "Risk drop trade away. Second short partner leg foot.\nWant lead include apply. Interest production pattern more ball. Chair social school together side federal.",
        "popularidad": 0.933588160234407
    }
},
{
    "model": "viajes.destino",
    "pk": 3,
    "fields": {
        "nombre": "Choose pay make daughter officer vote member. Type star hand improve.\nSeem development day later. Positive article range meet present enjoy many friend.",
        "pais": "Explain gas get organization choice.",
        "descripcion": "Tell travel baby natural think. Sometimes leg owner safe paper.",
        "popularidad": 0.6291548663143824
    }
},
{
    "model": "viajes.destino",
    "pk": 4,
    "fields": {
        "nombre": "Size adult organization current read yeah expect. Mean property middle.",
        "pais": "Drive city citizen key against minute.",
        "descripcion": "Country significant head throughout hundred worry kind business. Small traditional peace professor body school.\nTell statement hundred either soldier. Environmental director would southern.",
        "popularidad": 0.6413318852800538
    }
},
{
    "model": "viajes.destino",
    "pk": 5,
    "fields": {
        "nombre": "Energy write billion choice including citizen. Center white thank wide.\nEffort administration table will sea. Others among fear science media and doctor series.",
        "pais": "Lose add body.",
        "descripcion": "Your write produce fast wall understand day. Plant goal thank school sign care. Why school process it president coach allow race.",
        "popularidad": 0.6285303924284972
    }
},
{
    "model": "viajes.destino",
    "pk": 6,
    "fields": {
        "nombre": "Sort way contain hair billion skill record. Color what across. In least actually candidate.\nRoad fast fund town performance table indeed pretty. Wife important feel party important work.",
        "pais": "Moment drive bill us choose thought between.",
        "descripcion": "Deep degree investment soon card. True style analysis left officer should culture.\nFinancial everything community drop picture million admit. Almost image eat bed.",
        "popularidad": 0.8782589175945819
    }
},
{
    "model": "viajes.destino",
    "pk": 7,
    "fields": {
        "nombre": "Future push send course anyone. Result need level parent. Fund owner sometimes receive skin such fill.\nGeneration avoid same bank factor strategy professor most.",
        "pais": "Also red let western.",
        "descripcion": "Build process raise part indicate group. Movie relationship all dog measure adult bit. Significant as seem.\nRecent role who night throughout explain final.",
        "popularidad": 0.10827509969734084
    }
},
{
    "model": "viajes.destino",
    "pk": 8,
    "fields": {
        "nombre": "Suggest trip somebody hear pattern concern. Test worker bit economy represent. Second nor author necessary.\nSection whatever share until political while. Book true land fact enter even work usually.",
        "pais": "Green pay series bill.",
        "descripcion": "Federal particular fight part theory bar. Form official trade.\nStock million word popular him thought compare.",
        "popularidad": 0.5932409957799132
    }
},
{
    "model": "viajes.destino",
    "pk": 9,
    "fields": {
        "nombre": "Will election close whom economy owner great. Rest hope job test.\nBox admit say cultural. Many Congress gas shoulder weight.",
        "pais": "Edge analysis she before even attention.",
        "descripcion": "Music tax difficult paper. Newspaper benefit parent science instead professional.",
        "popularidad": 0.5551821387685545
    }
},
{
    "model": "viajes.destino",
    "pk": 10,
    "fields": {
        "nombre": "Air by dinner tax outside. During opportunity least if understand no hand.\nRecently physical buy fast deal lead accept particular. Must generation nation high air image election.",
        "pais": "Reveal meet investment authority city approach.",
        "descripcion": "Conference speech compare entire. Step analysis cultural huge explain he explain.\nKey break race floor not. Carry edge skin become upon friend.",
        "popularidad": 0.6637657999527338
    }
},
{
    "model": "viajes.destino",
    "pk": 11,
    "fields": {
        "nombre": "Table appear with particularly. Mother sort gun time mean. Radio night again notice identify.\nHead vote up do board. Local mind street worker different man region. Thank big best when buy minute.",
        "pais": "Thus must near seven water reality.",
        "descripcion": "Interview catch use tax hit.\nMusic hit work PM feel particular general. Loss almost bag dog you trouble laugh crime. Former magazine others theory.\nFilm girl involve. Like tell owner doctor area.",
        "popularidad": 0.7349990022468201
    }
},
{
    "model": "viajes.destino",
    "pk": 12,
    "fields": {
        "nombre": "Back really entire catch dinner you it.\nOpen development decision use modern several court. Base somebody stay letter may most personal. Dog know behind ok.",
        "pais": "Program with know however wear size.",
        "descripcion": "Attention though who able war space board dark. Able line marriage culture. Really add need miss professor agent no sound.",
        "popularidad": 0.9920095808006495
    }
},
{
    "model": "viajes.destino",
    "pk": 13,
    "fields": {
        "nombre": "Ahead agree require suffer letter professional buy.\nManage top fight listen Democrat. Mission find understand.\nSimilar base million water money never factor. Ago recognize send piece woman minute.",
        "pais": "Win industry after image.",
        "descripcion": "Heavy yeah degree stand. Open get face. Difference leave thousand attorney full.\nCarry several may bring company form east where. Night American never shoulder often ago.",
        "popularidad": 0.1536658547345069
    }
},
{
    "model": "viajes.destino",
    "pk": 14,
    "fields": {
        "nombre": "Nature sea music about generation rather wrong. Congress contain his similar music style including eye. Security talk go yourself too.",
        "pais": "Under imagine area.",
        "descripcion": "Success yes between throw already. Worker personal person get. Any suddenly reduce.\nForeign as contain middle. Paper sister offer position growth city. Skin father painting back inside condition.",
        "popularidad": 0.066960115063038
    }
},
{
    "model": "viajes.destino",
    "pk": 15,
    "fields": {
        "nombre": "Include true pressure nothing cold. Test instead light mind cell leave would.",
        "pais": "Board project see quite account factor.",
        "descripcion": "While fire huge billion stand. Back movement several degree human report. Girl election bill arm world.",
        "popularidad": 0.4807565999449104
    }
},
{
    "model": "viajes.reserva",
    "pk": 1,
    "fields": {
        "codigo_reserva": "At determine most.",
        "fecha_salida": "2011-10-01T21:30:36.213Z",
        "fecha_llegada": "2015-10-11T10:06:11.158Z",
        "numero_personas": 21831,
        "precio": "0.38",
        "usuario": 11
    }
},
{
    "model": "viajes.reserva",
    "pk": 2,
    "fields": {
        "codigo_reserva": "Poor now high.",
        "fecha_salida": "1997-04-23T07:04:24.741Z",
        "fecha_llegada": "2020-07-23T14:34:56.073Z",
        "numero_personas": 7743,
        "precio": "0.32",
        "usuario": 3
    }
},
{
    "model": "viajes.reserva",
    "pk": 3,
    "fields": {
        "codigo_reserva": "Age three.",
        "fecha_salida": "1977-06-02T04:17:07.870Z",
        "fecha_llegada": "1992-05-22T11:46:12.906Z",
        "numero_personas": 17989,
        "precio": "0.43",
        "usuario": 13
    }
},
{
    "model": "viajes.reserva",
    "pk": 4,
    "fields": {
        "codigo_reserva": "Yes teacher raise.",
        "fecha_salida": "2012-05-06T10:16:35.941Z",
        "fecha_llegada": "2020-04-22T21:03:38.425Z",
        "numero_personas": 22630,
        "precio": "0.27",
        "usuario": 14
    }
},
{
    "model": "viajes.reserva",
    "pk": 5,
    "fields": {
        "codigo_reserva": "Film hair direction.",
        "fecha_salida": "2017-11-18T17:34:34.720Z",
        "fecha_llegada": "2020-06-15T10:45:35.647Z",
        "numero_personas": 30401,
        "precio": "0.13",
        "usuario": 6
    }
},
{
    "model": "viajes.reserva",
    "pk": 6,
    "fields": {
        "codigo_reserva": "Central light song.",
        "fecha_salida": "2011-11-22T01:07:45.499Z",
        "fecha_llegada": "1980-11-09T22:33:08.436Z",
        "numero_personas": 19140,
        "precio": "0.99",
        "usuario": 15
    }
},
{
    "model": "viajes.reserva",
    "pk": 7,
    "fields": {
        "codigo_reserva": "Hospital other rest.",
        "fecha_salida": "2024-01-30T23:45:44.845Z",
        "fecha_llegada": "1978-06-03T09:42:38.959Z",
        "numero_personas": 24648,
        "precio": "0.02",
        "usuario": 9
    }
},
{
    "model": "viajes.reserva",
    "pk": 8,
    "fields": {
        "codigo_reserva": "Media stand great.",
        "fecha_salida": "2007-09-13T08:20:09.772Z",
        "fecha_llegada": "1996-01-18T03:45:27.114Z",
        "numero_personas": 15185,
        "precio": "0.41",
        "usuario": 8
    }
},
{
    "model": "viajes.reserva",
    "pk": 9,
    "fields": {
        "codigo_reserva": "Three effort.",
        "fecha_salida": "2023-03-02T18:19:25.502Z",
        "fecha_llegada": "1995-09-28T22:43:31.627Z",
        "numero_personas": 10009,
        "precio": "0.03",
        "usuario": 2
    }
},
{
    "model": "viajes.reserva",
    "pk": 10,
    "fields": {
        "codigo_reserva": "The early scientist.",
        "fecha_salida": "1983-04-13T19:03:50.096Z",
        "fecha_llegada": "2010-08-10T09:59:40.029Z",
        "numero_personas": 13368,
        "precio": "0.36",
        "usuario": 12
    }
},
{
    "model": "viajes.reserva",
    "pk": 11,
    "fields": {
        "codigo_reserva": "Can environmental.",
        "fecha_salida": "1987-11-24T13:20:57.491Z",
        "fecha_llegada": "2013-02-03T22:46:25.701Z",
        "numero_personas": 4265,
        "precio": "0.48",
        "usuario": 10
    }
},
{
    "model": "viajes.reserva",
    "pk": 12,
    "fields": {
        "codigo_reserva": "Person how get.",
        "fecha_salida": "2021-10-25T15:53:36.204Z",
        "fecha_llegada": "1997-08-29T22:20:23.477Z",
        "numero_personas": 31026,
        "precio": "0.82",
        "usuario": 7
    }
},
{
    "model": "viajes.reserva",
    "pk": 13,
    "fields": {
        "codigo_reserva": "Night individual.",
        "fecha_salida": "2011-03-13T03:08:20.660Z",
        "fecha_llegada": "2019-05-20T19:21:34.055Z",
        "numero_personas": 28091,
        "precio": "0.05",
        "usuario": 4
    }
},
{
    "model": "viajes.reserva",
    "pk": 14,
    "fields": {
        "codigo_reserva": "Last star provide.",
        "fecha_salida": "1999-09-04T17:13:41.413Z",
        "fecha_llegada": "1993-12-28T10:01:53.151Z",
        "numero_personas": 15329,
        "precio": "0.84",
        "usuario": 1
    }
},
{
    "model": "viajes.reserva",
    "pk": 15,
    "fields": {
        "codigo_reserva": "International.",
        "fecha_salida": "1972-02-01T18:56:37.740Z",
        "fecha_llegada": "1999-04-12T15:09:08.780Z",
        "numero_personas": 1641,
        "precio": "0.02",
        "usuario": 5
    }
},
{
    "model": "viajes.comentario",
    "pk": 1,
    "fields": {
        "titulo": "Agent nothing huge exactly stand. Seek product ago answer executive. Give test base foreign.",
        "contenido": "Research lay question city discover listen. White night newspaper. Rather news identify.\nAgree home public civil sea. Specific page decide size ground.\nDescribe entire short. Five better capital.",
        "fecha_comentario": "2023-02-24T23:37:18.310Z",
        "calificacion": 0.07755549652325044,
        "usuario": 12
    }
},
{
    "model": "viajes.comentario",
    "pk": 2,
    "fields": {
        "titulo": "Give participant ok soldier moment degree source. Table or girl fly. Use water remain serve fast.",
        "contenido": "Again move ago perhaps once born fast.\nOwn in crime everybody exactly simple only. Spring treat life white do rather.\nCan wind less. Model me computer doctor number authority design.",
        "fecha_comentario": "1994-12-30T18:37:41.713Z",
        "calificacion": 0.17602476239939946,
        "usuario": 6
    }
},
{
    "model": "viajes.comentario",
    "pk": 3,
    "fields": {
        "titulo": "Water successful under company money. Pull south on rate create truth defense.",
        "contenido": "Certain what structure rock animal wife. Thousand event system tend. See way reach military big cell scientist.",
        "fecha_comentario": "1992-10-04T03:46:57.903Z",
        "calificacion": 0.5843316682270904,
        "usuario": 7
    }
},
{
    "model": "viajes.comentario",
    "pk": 4,
    "fields": {
        "titulo": "Bit politics company imagine PM do save. Four threat language along.",
        "contenido": "Listen section fill. Be customer catch realize produce hundred. Exist art them structure. Generation name include join business when week become.",
        "fecha_comentario": "1974-02-27T15:14:23.333Z",
        "calificacion": 0.47145726050316494,
        "usuario": 7
    }
},
{
    "model": "viajes.comentario",
    "pk": 5,
    "fields": {
        "titulo": "Authority leg song real crime. She hotel next head ok exist. Method ask reach.",
        "contenido": "Product nor administration body. Direction give back win movie wonder environmental.\nThis no church instead billion. Picture contain else sign campaign value. Every specific give skin.",
        "fecha_comentario": "1997-09-04T12:03:37.811Z",
        "calificacion": 0.5485692720045438,
        "usuario": 7
    }
},
{
    "model": "viajes.comentario",
    "pk": 6,
    "fields": {
        "titulo": "Anything use less eat writer card movie grow. Single compare standard executive of prevent lead.",
        "contenido": "Project size particularly. Word food probably past maybe blue.\nPublic serious success summer where card say town. Call box development heart general.",
        "fecha_comentario": "2019-03-11T23:54:44.814Z",
        "calificacion": 0.0765247605748971,
        "usuario": 15
    }
},
{
    "model": "viajes.comentario",
    "pk": 7,
    "fields": {
        "titulo": "Group data play wide there. Far part up hand actually also. Weight require reason several.",
        "contenido": "Skill do state commercial interview cold. Do lay quite rise leave develop. That source sit.\nPerform dog ever prove owner walk end. She tough drug over democratic cold various now.",
        "fecha_comentario": "2023-09-30T15:40:31.534Z",
        "calificacion": 0.23767522930177365,
        "usuario": 5
    }
},
{
    "model": "viajes.comentario",
    "pk": 8,
    "fields": {
        "titulo": "These answer art office.",
        "contenido": "Deal strong measure start purpose carry relate. Have example big writer identify red later speak. Adult language worry effort how.\nEffort save step reflect radio. Business instead room phone.",
        "fecha_comentario": "1971-09-22T13:55:07.770Z",
        "calificacion": 0.6417426610465249,
        "usuario": 3
    }
},
{
    "model": "viajes.comentario",
    "pk": 9,
    "fields": {
        "titulo": "Recent truth voice pass than rich herself always. Tree send give care try scene.",
        "contenido": "Easy civil before despite ask. Tell before large day. Seek anyone exist south north person.",
        "fecha_comentario": "2009-05-02T10:06:22.610Z",
        "calificacion": 0.12980275883100012,
        "usuario": 5
    }
},
{
    "model": "viajes.comentario",
    "pk": 10,
    "fields": {
        "titulo": "Rather share mother interesting.",
        "contenido": "Give style owner military. Role control everybody manage. Sea assume president image inside rather friend country.\nLot indicate fly. Allow class former interest heavy.",
        "fecha_comentario": "1984-02-05T21:35:24.735Z",
        "calificacion": 0.46629649100318527,
        "usuario": 8
    }
},
{
    "model": "viajes.comentario",
    "pk": 11,
    "fields": {
        "titulo": "Center include table detail involve I. Space difference hospital population social can ago.",
        "contenido": "Expect memory produce alone yet himself. Effect now why personal. Strong ball source almost.",
        "fecha_comentario": "1989-01-16T04:55:13.513Z",
        "calificacion": 0.28084626337774643,
        "usuario": 11
    }
},
{
    "model": "viajes.comentario",
    "pk": 12,
    "fields": {
        "titulo": "Arrive degree market imagine head.",
        "contenido": "Cut new Congress little spend entire at. There company thing measure. Quickly card friend anything area.\nSure glass itself quite doctor. Some eye against result although.",
        "fecha_comentario": "2023-05-27T11:15:51.872Z",
        "calificacion": 0.3531867807889977,
        "usuario": 5
    }
},
{
    "model": "viajes.comentario",
    "pk": 13,
    "fields": {
        "titulo": "Place success deep find word build. Our nation reality most inside state expert.",
        "contenido": "Former research music include task lose debate. Program week town serious wife standard. Leg prove drug might whom include. Generation loss so enter family.",
        "fecha_comentario": "1982-01-18T17:48:08.999Z",
        "calificacion": 0.094213268158168,
        "usuario": 3
    }
},
{
    "model": "viajes.comentario",
    "pk": 14,
    "fields": {
        "titulo": "Authority other newspaper force clear management. Smile receive husband. Project hot life crime.",
        "contenido": "Effort film kid low enjoy leader culture. Author Republican west have. It fight story major assume hit nice.\nMove want probably nearly help month. Crime ever sister carry side class.",
        "fecha_comentario": "2019-11-27T20:22:13.390Z",
        "calificacion": 0.8499934153300543,
        "usuario": 2
    }
},
{
    "model": "viajes.comentario",
    "pk": 15,
    "fields": {
        "titulo": "Dream book experience stock strong west. Hold them term fund structure.",
        "contenido": "Gas appear in race benefit. Various economy most speech hundred.\nThemselves whose thus least Democrat garden remember. Art assume other green lawyer decide series.",
        "fecha_comentario": "1985-03-28T14:31:22.702Z",
        "calificacion": 0.2574953874083179,
        "usuario": 1
    }
},
{
    "model": "viajes.alojamiento",
    "pk": 1,
    "fields": {
        "nombre": "Ever book plant develop design safe election year. Author involve help better. Partner live production range certain hour lot.",
        "direccion": "Pretty population where already. Instead attack fine project little region entire save. Event writer brother chair place goal.",
        "capacidad": 8852,
        "tipo": "Reach wish already campaign.",
        "destino": 10,
        "reserva": 2
    }
},
{
    "model": "viajes.alojamiento",
    "pk": 2,
    "fields": {
        "nombre": "Inside allow weight wall policy response score. Almost off meeting hair yeah. As third final section person sure.\nSpeak suggest set though future. College deal kind your suddenly.",
        "direccion": "Role ten conference nor while less will. Side sort guy particularly so. Fall design culture card real fast.",
        "capacidad": -1450,
        "tipo": "Either half already week save do.",
        "destino": 2,
        "reserva": 12
    }
},
{
    "model": "viajes.alojamiento",
    "pk": 3,
    "fields": {
        "nombre": "Begin sort drive general compare read mouth. Dream question major rise specific institution.\nTend avoid either fish life office. Hair risk sound administration pattern party. About bank skin up.",
        "direccion": "Window mouth imagine your material. Base member tend throw baby they. International rise political best against. Decision image sea program senior.",
        "capacidad": -29749,
        "tipo": "This production fear there job main.",
        "destino": 6,
        "reserva": 10
    }
},
{
    "model": "viajes.alojamiento",
    "pk": 4,
    "fields": {
        "nombre": "Professional doctor professional serve whom half social director. With crime challenge early. Trip character consumer plant fill chair possible.",
        "direccion": "Exist structure beat officer whose. Decade today relate contain.\nRegion seem during case agency. Nation of tell character let treat.",
        "capacidad": -24526,
        "tipo": "Huge finish market structure large within.",
        "destino": 15,
        "reserva": 15
    }
},
{
    "model": "viajes.alojamiento",
    "pk": 5,
    "fields": {
        "nombre": "This again in increase capital mother year. Task me avoid others key big pattern. Accept experience debate speech nearly.\nSmile window note think become list hot. Learn only teach high window.",
        "direccion": "Those difference important adult before market choose. Also job we since ago series. Moment ten end picture size.",
        "capacidad": -7014,
        "tipo": "Notice wide box yet short section.",
        "destino": 14,
        "reserva": 6
    }
},
{
    "model": "viajes.alojamiento",
    "pk": 6,
    "fields": {
        "nombre": "Order significant vote tree management play summer. Five rather themselves provide they. Husband hit official of.\nSince wait child thought identify. Ten series see us once.",
        "direccion": "Area different two feel arm. Size increase somebody than physical me. Number thousand city room.",
        "capacidad": 18975,
        "tipo": "Record less analysis.",
        "destino": 15,
        "reserva": 15
    }
},
{
    "model": "viajes.alojamiento",
    "pk": 7,
    "fields": {
        "nombre": "Clearly research food large. Whether exactly as base present.\nLeg upon coach pull.\nRecord hit analysis sometimes. Wall better across.\nRelationship fire keep consider.",
        "direccion": "Manage food answer particular industry. Represent figure make forget. Million leave cell value.\nReason per generation. Bag fear community such service ready apply.",
        "capacidad": -14561,
        "tipo": "Give office of white would.",
        "destino": 2,
        "reserva": 9
    }
},
{
    "model": "viajes.alojamiento",
    "pk": 8,
    "fields": {
        "nombre": "Father participant travel up pay military computer.\nYes perhaps kid prove garden unit. Wrong process general job article.\nNorth itself sell wonder small often Republican nor.",
        "direccion": "Wonder force instead. Decide as agreement girl difficult information watch. Item enough himself window majority pull much.",
        "capacidad": 2522,
        "tipo": "Dark factor both mother concern move.",
        "destino": 15,
        "reserva": 11
    }
},
{
    "model": "viajes.alojamiento",
    "pk": 9,
    "fields": {
        "nombre": "International budget rather real. Test better instead your add.\nBuy state modern. Thank building imagine today foreign father gas. Physical full herself find one performance consider.",
        "direccion": "Increase quite short also professor long.\nMethod follow well. Garden tonight executive development these office. Boy central special American.",
        "capacidad": -28924,
        "tipo": "Tv others serve girl.",
        "destino": 3,
        "reserva": 5
    }
},
{
    "model": "viajes.alojamiento",
    "pk": 10,
    "fields": {
        "nombre": "It safe thought in use animal. Check animal television nature also themselves case.\nNot benefit up watch fine big. Near business show world husband meeting. Brother agency budget offer couple.",
        "direccion": "Remain these possible yes occur develop per. Scene increase hand him affect new action. Shoulder region reflect sound product those prevent.\nPm music fast seem.",
        "capacidad": 11628,
        "tipo": "Nearly right reflect. Rock drug sit wide.",
        "destino": 1,
        "reserva": 8
    }
},
{
    "model": "viajes.alojamiento",
    "pk": 11,
    "fields": {
        "nombre": "Late write simply foot people.\nFocus director eye fill. My perhaps in trial try leg year. Look eat wonder capital alone too.\nDecide but industry ability. Certainly policy court window.",
        "direccion": "Better today lot sport address book. Dinner thus firm under understand. No thought beyond and decision strong able also.",
        "capacidad": -21717,
        "tipo": "Traditional floor whatever large thought notice.",
        "destino": 15,
        "reserva": 9
    }
},
{
    "model": "viajes.alojamiento",
    "pk": 12,
    "fields": {
        "nombre": "Nation law time. After piece score per wear. Theory pressure church network memory believe. Simply choose staff onto radio fish PM.",
        "direccion": "Recent thought new current buy. Per risk be reality themselves common.\nGirl prevent remain after level. Financial day onto impact. Now my thank part end increase finally budget.",
        "capacidad": 2717,
        "tipo": "East affect full next for young.",
        "destino": 2,
        "reserva": 2
    }
},
{
    "model": "viajes.alojamiento",
    "pk": 13,
    "fields": {
        "nombre": "Movie such material shoulder early. Marriage example mean move development consider. Movie direction put speech expert appear.",
        "direccion": "State behind begin air. Break energy guess each note place night. Reduce accept sing weight true. Pull far spring central.",
        "capacidad": 4603,
        "tipo": "Event Mrs kid various.",
        "destino": 13,
        "reserva": 7
    }
},
{
    "model": "viajes.alojamiento",
    "pk": 14,
    "fields": {
        "nombre": "Central most memory listen from growth. Bit which able shake beyond foreign scene.\nEye look Mrs vote break. Add during use home his in space. Something thank gun story build true campaign.",
        "direccion": "Similar easy write. Trip ability fight majority.\nTake answer bill information movement. Likely down natural answer.",
        "capacidad": -19425,
        "tipo": "Grow court the east six difficult.",
        "destino": 6,
        "reserva": 13
    }
},
{
    "model": "viajes.alojamiento",
    "pk": 15,
    "fields": {
        "nombre": "Need bar boy data door while. Dinner year single role option. Kitchen term fill size. Create or authority little.",
        "direccion": "Performance maintain form before out wind very. Despite in daughter friend high. Remain body central establish particular letter attack.",
        "capacidad": -1271,
        "tipo": "Total animal agency join sense hair.",
        "destino": 12,
        "reserva": 12
    }
},
{
    "model": "viajes.extra",
    "pk": 1,
    "fields": {
        "nombre": "Our second goal before also take bit know. Can peace bit present physical enjoy road.",
        "tipo": "seguro",
        "descripcion": "Several study can support group time affect.\nDecade everybody strategy provide a professor. Necessary lose another along. Increase attack friend over best decade kitchen create.",
        "precio": "0.77"
    }
},
{
    "model": "viajes.extra",
    "pk": 2,
    "fields": {
        "nombre": "Sport crime major political. Husband between mother could test successful. Number this ask summer.",
        "tipo": "guia",
        "descripcion": "Animal that smile song. Probably trial yeah indicate. Born bill talk when.\nMilitary yourself factor change those school learn visit. Tv government as new window begin.",
        "precio": "0.56"
    }
},
{
    "model": "viajes.extra",
    "pk": 3,
    "fields": {
        "nombre": "Ever finally situation. That government pick two according ready.",
        "tipo": "guia",
        "descripcion": "Explain environmental door start remain. Yourself war middle add member. Act reason public page within line sing.\nOfficial name develop she. Many modern blue ahead.",
        "precio": "0.18"
    }
},
{
    "model": "viajes.extra",
    "pk": 4,
    "fields": {
        "nombre": "Car exist win dinner rise else central. Picture very state.",
        "tipo": "seguro",
        "descripcion": "Go society wind travel. Training notice six prove morning. Way sister impact miss time always job.",
        "precio": "0.03"
    }
},
{
    "model": "viajes.extra",
    "pk": 5,
    "fields": {
        "nombre": "Out current listen short production good whole.",
        "tipo": "comida",
        "descripcion": "Music set clearly role. Thing town financial let. Law civil likely police eye management.",
        "precio": "0.75"
    }
},
{
    "model": "viajes.extra",
    "pk": 6,
    "fields": {
        "nombre": "Mention professional need culture today. Much above ask against.",
        "tipo": "comida",
        "descripcion": "Result a adult sell give blood relate. Whether thus hot. Think nor writer administration room.",
        "precio": "0.31"
    }
},
{
    "model": "viajes.extra",
    "pk": 7,
    "fields": {
        "nombre": "Price kind clearly. Part various for visit spend matter water.",
        "tipo": "actividad",
        "descripcion": "Stock anyone collection available various. Day arrive its laugh different under.\nPer listen half must again professional. Every adult size one table watch.",
        "precio": "0.40"
    }
},
{
    "model": "viajes.extra",
    "pk": 8,
    "fields": {
        "nombre": "Last choose expert organization take girl. Capital information hot.",
        "tipo": "transporte",
        "descripcion": "We analysis thousand fight issue whatever ever letter. Can treat us plant truth food. Case of exactly house. Including daughter great.",
        "precio": "0.75"
    }
},
{
    "model": "viajes.extra",
    "pk": 9,
    "fields": {
        "nombre": "Across finally say democratic side. Including arrive specific catch knowledge light.",
        "tipo": "transporte",
        "descripcion": "After series letter by reality item. May save again shake pretty. While score eight exist rule player state.",
        "precio": "0.17"
    }
},
{
    "model": "viajes.extra",
    "pk": 10,
    "fields": {
        "nombre": "Them structure born foreign good. Dinner food main room goal assume.",
        "tipo": "actividad",
        "descripcion": "Real leave second expert my experience without forget. Analysis style believe. Push know use moment miss.\nWhich type imagine fall research subject finish. Bar wrong catch course at eight animal.",
        "precio": "0.05"
    }
},
{
    "model": "viajes.extra",
    "pk": 11,
    "fields": {
        "nombre": "Door matter amount. Treat arrive successful number court for south.",
        "tipo": "transporte",
        "descripcion": "My pick organization benefit back. Figure other price soon team.\nDream imagine option animal color turn with. Line movie lay show discussion list thus.",
        "precio": "0.79"
    }
},
{
    "model": "viajes.extra",
    "pk": 12,
    "fields": {
        "nombre": "Set everything her. Opportunity among line consumer affect. Remember hotel home upon.",
        "tipo": "comida",
        "descripcion": "Move specific show. Particular issue toward office leg. Agreement property player.\nEconomy support mission whether cover. Fill kitchen huge center wall. Myself notice model time chance sister number.",
        "precio": "0.35"
    }
},
{
    "model": "viajes.extra",
    "pk": 13,
    "fields": {
        "nombre": "Crime card popular join type. Light hospital rock peace unit find. West the perform.",
        "tipo": "actividad",
        "descripcion": "Make size wait talk everything spring cover. Wear popular role value feel whose site million.\nAfter likely most keep agent still. Me answer item might. Walk huge not region college over hand.",
        "precio": "0.07"
    }
},
{
    "model": "viajes.extra",
    "pk": 14,
    "fields": {
        "nombre": "Threat yourself result consumer study close across. Low themselves Democrat need image.",
        "tipo": "comida",
        "descripcion": "Either ago raise campaign bag different. Available prove point believe perhaps against.\nValue later right might. Accept remain well begin us usually international save.",
        "precio": "0.32"
    }
},
{
    "model": "viajes.extra",
    "pk": 15,
    "fields": {
        "nombre": "Coach build assume teacher exist. Allow manager wall coach maybe wife. Control listen front chair.",
        "tipo": "actividad",
        "descripcion": "Must specific face through car. Like civil cost down practice ahead some. Change strong tax especially. Size because way but big.",
        "precio": "0.57"
    }
},
{
    "model": "viajes.pasaporte",
    "pk": 1,
    "fields": {
        "numero": "Myself trial begin series.",
        "fecha_emision": "2022-10-06",
        "fecha_expiracion": "1998-09-17",
        "nacionalidad": "Task either worry security writer.",
        "usuario": 1
    }
},
{
    "model": "viajes.pasaporte",
    "pk": 2,
    "fields": {
        "numero": "Seven great clearly machine together.",
        "fecha_emision": "1982-01-11",
        "fecha_expiracion": "2018-12-07",
        "nacionalidad": "Draw moment will wall him.",
        "usuario": 10
    }
},
{
    "model": "viajes.pasaporte",
    "pk": 3,
    "fields": {
        "numero": "Summer recent lose.",
        "fecha_emision": "2022-06-14",
        "fecha_expiracion": "2002-10-19",
        "nacionalidad": "When politics small pull a talk election.",
        "usuario": 5
    }
},
{
    "model": "viajes.pasaporte",
    "pk": 4,
    "fields": {
        "numero": "Our measure president cover serve.",
        "fecha_emision": "2001-11-12",
        "fecha_expiracion": "1994-05-28",
        "nacionalidad": "Human blood friend free look.",
        "usuario": 11
    }
},
{
    "model": "viajes.pasaporte",
    "pk": 5,
    "fields": {
        "numero": "One much language southern we him.",
        "fecha_emision": "1990-04-23",
        "fecha_expiracion": "1987-08-26",
        "nacionalidad": "Particularly feeling suddenly road leader always.",
        "usuario": 15
    }
},
{
    "model": "viajes.pasaporte",
    "pk": 6,
    "fields": {
        "numero": "Or stage with may involve.",
        "fecha_emision": "1977-10-27",
        "fecha_expiracion": "1999-02-04",
        "nacionalidad": "Pattern training family safe.",
        "usuario": 4
    }
},
{
    "model": "viajes.pasaporte",
    "pk": 7,
    "fields": {
        "numero": "Single difference often sister than cut.",
        "fecha_emision": "1991-01-11",
        "fecha_expiracion": "2023-04-24",
        "nacionalidad": "Standard many research population.",
        "usuario": 8
    }
},
{
    "model": "viajes.pasaporte",
    "pk": 8,
    "fields": {
        "numero": "Positive state behind. Here half court shoulder.",
        "fecha_emision": "1990-12-17",
        "fecha_expiracion": "2006-12-09",
        "nacionalidad": "Answer manage section improve best.",
        "usuario": 9
    }
},
{
    "model": "viajes.pasaporte",
    "pk": 9,
    "fields": {
        "numero": "Consumer laugh they appear to. Gas anything one.",
        "fecha_emision": "1974-04-16",
        "fecha_expiracion": "2024-09-28",
        "nacionalidad": "Involve us four sister part.",
        "usuario": 2
    }
},
{
    "model": "viajes.pasaporte",
    "pk": 10,
    "fields": {
        "numero": "Performance yourself memory single.",
        "fecha_emision": "2000-07-19",
        "fecha_expiracion": "1970-06-22",
        "nacionalidad": "Accept against certainly reduce think doctor.",
        "usuario": 3
    }
},
{
    "model": "viajes.pasaporte",
    "pk": 11,
    "fields": {
        "numero": "Sit no term dark successful avoid action.",
        "fecha_emision": "1984-01-26",
        "fecha_expiracion": "2001-12-29",
        "nacionalidad": "Church break beyond allow.",
        "usuario": 14
    }
},
{
    "model": "viajes.pasaporte",
    "pk": 12,
    "fields": {
        "numero": "Life fly maybe fire argue hundred create.",
        "fecha_emision": "2012-02-12",
        "fecha_expiracion": "1972-06-10",
        "nacionalidad": "Beyond day often black thing story word.",
        "usuario": 6
    }
},
{
    "model": "viajes.pasaporte",
    "pk": 13,
    "fields": {
        "numero": "Medical election edge left.",
        "fecha_emision": "1972-01-11",
        "fecha_expiracion": "2013-04-18",
        "nacionalidad": "Where could will improve message goal.",
        "usuario": 7
    }
},
{
    "model": "viajes.pasaporte",
    "pk": 14,
    "fields": {
        "numero": "Something society school car.",
        "fecha_emision": "1980-09-08",
        "fecha_expiracion": "1986-01-11",
        "nacionalidad": "Tell up attack dog black.",
        "usuario": 12
    }
},
{
    "model": "viajes.pasaporte",
    "pk": 15,
    "fields": {
        "numero": "Career similar itself quickly.",
        "fecha_emision": "1987-12-27",
        "fecha_expiracion": "1971-08-01",
        "nacionalidad": "Board occur wide good general focus.",
        "usuario": 13
    }
},
{
    "model": "viajes.transporte",
    "pk": 1,
    "fields": {
        "tipo": "Speak dog somebody decision.",
        "capacidad": 2741,
        "disponible": true,
        "costo_por_persona": "0.06",
        "destino": [
            2,
            7
        ]
    }
},
{
    "model": "viajes.transporte",
    "pk": 2,
    "fields": {
        "tipo": "Rise Mrs follow gun thought.",
        "capacidad": 4747,
        "disponible": true,
        "costo_por_persona": "0.58",
        "destino": [
            1,
            12
        ]
    }
},
{
    "model": "viajes.transporte",
    "pk": 3,
    "fields": {
        "tipo": "Usually nearly task start card.",
        "capacidad": 1353,
        "disponible": true,
        "costo_por_persona": "0.82",
        "destino": [
            15
        ]
    }
},
{
    "model": "viajes.transporte",
    "pk": 4,
    "fields": {
        "tipo": "Say often action lot clearly but common.",
        "capacidad": 27109,
        "disponible": true,
        "costo_por_persona": "0.24",
        "destino": [
            1,
            3,
            5
        ]
    }
},
{
    "model": "viajes.transporte",
    "pk": 5,
    "fields": {
        "tipo": "Eat final black action television investment.",
        "capacidad": 3591,
        "disponible": true,
        "costo_por_persona": "0.27",
        "destino": [
            1,
            8,
            9
        ]
    }
},
{
    "model": "viajes.transporte",
    "pk": 6,
    "fields": {
        "tipo": "Pressure and imagine bank.",
        "capacidad": 25526,
        "disponible": true,
        "costo_por_persona": "0.63",
        "destino": [
            13,
            14
        ]
    }
},
{
    "model": "viajes.transporte",
    "pk": 7,
    "fields": {
        "tipo": "Throw cup example.",
        "capacidad": 19574,
        "disponible": true,
        "costo_por_persona": "0.71",
        "destino": [
            9
        ]
    }
},
{
    "model": "viajes.transporte",
    "pk": 8,
    "fields": {
        "tipo": "Space race find woman.",
        "capacidad": 10227,
        "disponible": true,
        "costo_por_persona": "0.54",
        "destino": [
            12
        ]
    }
},
{
    "model": "viajes.transporte",
    "pk": 9,
    "fields": {
        "tipo": "Price meeting sign such north happy whom.",
        "capacidad": 27498,
        "disponible": true,
        "costo_por_persona": "0.78",
        "destino": [
            5,
            7,
            15
        ]
    }
},
{
    "model": "viajes.transporte",
    "pk": 10,
    "fields": {
        "tipo": "Deep both life light look white audience.",
        "capacidad": 11954,
        "disponible": true,
        "costo_por_persona": "0.18",
        "destino": [
            1,
            10,
            12
        ]
    }
},
{
    "model": "viajes.transporte",
    "pk": 11,
    "fields": {
        "tipo": "Risk effect sense current.",
        "capacidad": 184,
        "disponible": true,
        "costo_por_persona": "0.07",
        "destino": [
            7,
            11,
            14
        ]
    }
},
{
    "model": "viajes.transporte",
    "pk": 12,
    "fields": {
        "tipo": "Lay material ok rise.",
        "capacidad": 29965,
        "disponible": true,
        "costo_por_persona": "0.87",
        "destino": [
            12
        ]
    }
},
{
    "model": "viajes.transporte",
    "pk": 13,
    "fields": {
        "tipo": "Save know ready relate this.",
        "capacidad": 22033,
        "disponible": true,
        "costo_por_persona": "0.59",
        "destino": [
            3,
            10,
            13
        ]
    }
},
{
    "model": "viajes.transporte",
    "pk": 14,
    "fields": {
        "tipo": "Young them at two base fear sure political.",
        "capacidad": 32197,
        "disponible": true,
        "costo_por_persona": "0.97",
        "destino": [
            9,
            11
        ]
    }
},
{
    "model": "viajes.transporte",
    "pk": 15,
    "fields": {
        "tipo": "Stop fund service than. Just see view common.",
        "capacidad": 27341,
        "disponible": true,
        "costo_por_persona": "0.22",
        "destino": [
            3
        ]
    }
},
{
    "model": "viajes.promocion",
    "pk": 1,
    "fields": {
        "nombre": "Treatment herself particularly generation tend American data. Entire six successful treat describe.",
        "descripcion": "Third million rate why history fear different. Federal after especially least whatever expect these. Quality particularly whose then change argue catch.\nQuickly alone American action.",
        "descuento_porcentaje": 0.887817536406157,
        "fecha_inicio": "1986-12-14",
        "fecha_fin": "1999-09-05",
        "activo": true,
        "alojamiento": 8,
        "destino": [
            2,
            9,
            15
        ]
    }
},
{
    "model": "viajes.promocion",
    "pk": 2,
    "fields": {
        "nombre": "Common safe industry check part season. Adult activity short.",
        "descripcion": "Time shoulder relate front east. Season any practice ready.\nHer quality purpose put give prepare. Television minute activity eye benefit responsibility little.",
        "descuento_porcentaje": 0.5506062936817918,
        "fecha_inicio": "2006-01-28",
        "fecha_fin": "1995-03-13",
        "activo": true,
        "alojamiento": 9,
        "destino": [
            7,
            12
        ]
    }
},
{
    "model": "viajes.promocion",
    "pk": 3,
    "fields": {
        "nombre": "Expert government ball lead standard item. Even director phone usually environment law from law.",
        "descripcion": "Reality budget law health wonder. Name hear when everything wall social drive. Sport similar later politics type cover continue. Expect customer make drop dinner pay buy animal.",
        "descuento_porcentaje": 0.24533095518186465,
        "fecha_inicio": "1975-12-23",
        "fecha_fin": "1998-10-14",
        "activo": true,
        "alojamiento": 6,
        "destino": [
            2,
            3,
            7,
            12
        ]
    }
},
{
    "model": "viajes.promocion",
    "pk": 4,
    "fields": {
        "nombre": "Collection world create fund as sing.",
        "descripcion": "No member finish quite air evidence trial within. Civil gun tree line school. Two religious more media seven wife occur.",
        "descuento_porcentaje": 0.25441135128906045,
        "fecha_inicio": "2000-02-22",
        "fecha_fin": "2020-05-31",
        "activo": true,
        "alojamiento": 3,
        "destino": [
            3,
            12,
            14
        ]
    }
},
{
    "model": "viajes.promocion",
    "pk": 5,
    "fields": {
        "nombre": "Travel student us believe. Trouble fill lose among that. Poor test smile so mouth middle growth.",
        "descripcion": "Dream would future. Our federal court far writer join behind.\nBusiness up Republican animal wear southern conference. Short themselves resource floor open. Cultural late ten impact.",
        "descuento_porcentaje": 0.6700720833032964,
        "fecha_inicio": "1979-10-17",
        "fecha_fin": "1995-08-14",
        "activo": true,
        "alojamiento": 4,
        "destino": [
            1,
            14
        ]
    }
},
{
    "model": "viajes.promocion",
    "pk": 6,
    "fields": {
        "nombre": "Manager adult individual. I very professional yes generation.",
        "descripcion": "Star best property relate.\nSomething choice no identify personal president. Cost Mrs would would everyone.\nFill main around bank letter. It miss else walk resource if.",
        "descuento_porcentaje": 0.8214687897907175,
        "fecha_inicio": "2009-06-17",
        "fecha_fin": "1995-04-09",
        "activo": true,
        "alojamiento": 11,
        "destino": [
            1,
            11
        ]
    }
},
{
    "model": "viajes.promocion",
    "pk": 7,
    "fields": {
        "nombre": "Oil dream too although. Parent success among road attack side picture consumer.",
        "descripcion": "While then suddenly against pull feeling.\nPoor address gas stage since make protect. Federal few pressure appear.\nEverybody writer customer. Water practice care wind sense.",
        "descuento_porcentaje": 0.365378510506699,
        "fecha_inicio": "2014-12-09",
        "fecha_fin": "2010-09-16",
        "activo": true,
        "alojamiento": 15,
        "destino": [
            5,
            11
        ]
    }
},
{
    "model": "viajes.promocion",
    "pk": 8,
    "fields": {
        "nombre": "Land before piece nice early sometimes consider guess. High enjoy behind.",
        "descripcion": "Job middle resource. Door very avoid medical partner.\nActually chance program collection. Reduce general artist agent. Call administration real number.\nTraditional out against.",
        "descuento_porcentaje": 0.8484565190901645,
        "fecha_inicio": "1996-12-28",
        "fecha_fin": "2017-04-20",
        "activo": true,
        "alojamiento": 5,
        "destino": [
            1,
            4,
            8
        ]
    }
},
{
    "model": "viajes.promocion",
    "pk": 9,
    "fields": {
        "nombre": "Those low relate north building none mean. Billion fight table beautiful natural sign.",
        "descripcion": "Station my environment professional according firm. Speech news answer. Serious public over full decision head.",
        "descuento_porcentaje": 0.6757156124958933,
        "fecha_inicio": "2010-07-14",
        "fecha_fin": "2001-09-29",
        "activo": true,
        "alojamiento": 1,
        "destino": [
            3
        ]
    }
},
{
    "model": "viajes.promocion",
    "pk": 10,
    "fields": {
        "nombre": "Plan artist recognize many son discover. Early less community according management sign.",
        "descripcion": "Address green one of. Position world reveal radio ready. Local whether administration bring minute total.\nInclude example positive ok future.",
        "descuento_porcentaje": 0.42142396301210383,
        "fecha_inicio": "2022-02-23",
        "fecha_fin": "2012-01-01",
        "activo": true,
        "alojamiento": 10,
        "destino": [
            2
        ]
    }
},
{
    "model": "viajes.promocion",
    "pk": 11,
    "fields": {
        "nombre": "Music stock save. Great property manage read. Home share evening recently.",
        "descripcion": "Lawyer culture while. Issue notice leave watch. Cut line travel hit left name world.\nPower through build we western. Culture term bill seat operation. Firm dream little meeting wait.",
        "descuento_porcentaje": 0.9006243468952337,
        "fecha_inicio": "2015-12-27",
        "fecha_fin": "2017-06-17",
        "activo": true,
        "alojamiento": 7,
        "destino": [
            1,
            7,
            8,
            11
        ]
    }
},
{
    "model": "viajes.promocion",
    "pk": 12,
    "fields": {
        "nombre": "Physical decision decide discussion. Style choose story century effect own.",
        "descripcion": "Event five task camera western from parent.",
        "descuento_porcentaje": 0.9130324710114823,
        "fecha_inicio": "2004-07-13",
        "fecha_fin": "1972-10-14",
        "activo": true,
        "alojamiento": 13,
        "destino": [
            1,
            4,
            15
        ]
    }
},
{
    "model": "viajes.promocion",
    "pk": 13,
    "fields": {
        "nombre": "Hand thing color art.\nRock effort happy authority. Education will choose court recent quality have.",
        "descripcion": "Much side remember anything lawyer sense. Walk water travel. Central run already eight whose respond.\nYes job machine positive after. Next compare instead yes.",
        "descuento_porcentaje": 0.003706456527963309,
        "fecha_inicio": "1975-12-08",
        "fecha_fin": "2000-04-15",
        "activo": true,
        "alojamiento": 14,
        "destino": [
            6
        ]
    }
},
{
    "model": "viajes.promocion",
    "pk": 14,
    "fields": {
        "nombre": "Wind choice what party yeah without month expert. Other capital foreign huge.",
        "descripcion": "Nor brother general result expect risk. Mother laugh however possible certainly note scene.",
        "descuento_porcentaje": 0.462725513453231,
        "fecha_inicio": "1997-09-07",
        "fecha_fin": "1995-04-13",
        "activo": true,
        "alojamiento": 12,
        "destino": [
            1,
            7,
            14
        ]
    }
},
{
    "model": "viajes.promocion",
    "pk": 15,
    "fields": {
        "nombre": "Child mission color could writer ok program. Court style develop specific wind put lot drop.",
        "descripcion": "Same participant third blood upon. Special listen experience base various same. Coach party wait require behavior.",
        "descuento_porcentaje": 0.46019241021334634,
        "fecha_inicio": "2017-09-29",
        "fecha_fin": "2014-08-20",
        "activo": true,
        "alojamiento": 2,
        "destino": [
            2,
            7,
            9,
            10
        ]
    }
},
{
    "model": "viajes.factura",
    "pk": 1,
    "fields": {
        "numero_factura": "Civil compare.",
        "fecha_emision": "1971-10-11",
        "coste": "0.65",
        "metodo_pago": "Transferencia",
        "reserva": 7
    }
},
{
    "model": "viajes.factura",
    "pk": 2,
    "fields": {
        "numero_factura": "Really goal law bar.",
        "fecha_emision": "1979-03-06",
        "coste": "0.55",
        "metodo_pago": "Tarjeta",
        "reserva": 15
    }
},
{
    "model": "viajes.factura",
    "pk": 3,
    "fields": {
        "numero_factura": "View small consider.",
        "fecha_emision": "2021-10-23",
        "coste": "0.17",
        "metodo_pago": "Transferencia",
        "reserva": 14
    }
},
{
    "model": "viajes.factura",
    "pk": 4,
    "fields": {
        "numero_factura": "This center both.",
        "fecha_emision": "1995-05-27",
        "coste": "0.29",
        "metodo_pago": "Efectivo",
        "reserva": 4
    }
},
{
    "model": "viajes.factura",
    "pk": 5,
    "fields": {
        "numero_factura": "Choice travel.",
        "fecha_emision": "2010-04-27",
        "coste": "0.51",
        "metodo_pago": "Efectivo",
        "reserva": 6
    }
},
{
    "model": "viajes.factura",
    "pk": 6,
    "fields": {
        "numero_factura": "Now feeling work.",
        "fecha_emision": "1986-06-21",
        "coste": "0.01",
        "metodo_pago": "Tarjeta",
        "reserva": 10
    }
},
{
    "model": "viajes.factura",
    "pk": 7,
    "fields": {
        "numero_factura": "Record either talk.",
        "fecha_emision": "1981-01-16",
        "coste": "0.49",
        "metodo_pago": "Efectivo",
        "reserva": 9
    }
},
{
    "model": "viajes.factura",
    "pk": 8,
    "fields": {
        "numero_factura": "Speech near some.",
        "fecha_emision": "2019-06-03",
        "coste": "0.89",
        "metodo_pago": "Tarjeta",
        "reserva": 2
    }
},
{
    "model": "viajes.factura",
    "pk": 9,
    "fields": {
        "numero_factura": "Accept dream.",
        "fecha_emision": "2015-03-29",
        "coste": "0.99",
        "metodo_pago": "Transferencia",
        "reserva": 3
    }
},
{
    "model": "viajes.factura",
    "pk": 10,
    "fields": {
        "numero_factura": "Both end note.",
        "fecha_emision": "1985-02-06",
        "coste": "0.16",
        "metodo_pago": "Transferencia",
        "reserva": 12
    }
},
{
    "model": "viajes.factura",
    "pk": 11,
    "fields": {
        "numero_factura": "Official spring.",
        "fecha_emision": "2014-08-05",
        "coste": "0.52",
        "metodo_pago": "Tarjeta",
        "reserva": 11
    }
},
{
    "model": "viajes.factura",
    "pk": 12,
    "fields": {
        "numero_factura": "Situation hospital.",
        "fecha_emision": "1985-12-01",
        "coste": "0.34",
        "metodo_pago": "Efectivo",
        "reserva": 8
    }
},
{
    "model": "viajes.factura",
    "pk": 13,
    "fields": {
        "numero_factura": "Sell shoulder sell.",
        "fecha_emision": "1994-10-12",
        "coste": "0.39",
        "metodo_pago": "Efectivo",
        "reserva": 1
    }
},
{
    "model": "viajes.factura",
    "pk": 14,
    "fields": {
        "numero_factura": "Full company smile.",
        "fecha_emision": "1976-06-30",
        "coste": "0.85",
        "metodo_pago": "Transferencia",
        "reserva": 13
    }
},
{
    "model": "viajes.factura",
    "pk": 15,
    "fields": {
        "numero_factura": "Couple single wish.",
        "fecha_emision": "1983-01-14",
        "coste": "0.84",
        "metodo_pago": "Efectivo",
        "reserva": 5
    }
},
{
    "model": "viajes.extrareserva",
    "pk": 1,
    "fields": {
        "reserva": 13,
        "extra": 1,
        "cantidad": 1
    }
},
{
    "model": "viajes.extrareserva",
    "pk": 2,
    "fields": {
        "reserva": 6,
        "extra": 1,
        "cantidad": 1
    }
},
{
    "model": "viajes.extrareserva",
    "pk": 3,
    "fields": {
        "reserva": 5,
        "extra": 2,
        "cantidad": 1
    }
},
{
    "model": "viajes.extrareserva",
    "pk": 4,
    "fields": {
        "reserva": 9,
        "extra": 2,
        "cantidad": 1
    }
},
{
    "model": "viajes.extrareserva",
    "pk": 5,
    "fields": {
        "reserva": 5,
        "extra": 3,
        "cantidad": 1
    }
},
{
    "model": "viajes.extrareserva",
    "pk": 6,
    "fields": {
        "reserva": 12,
        "extra": 3,
        "cantidad": 1
    }
},
{
    "model": "viajes.extrareserva",
    "pk": 7,
    "fields": {
        "reserva": 2,
        "extra": 3,
        "cantidad": 1
    }
},
{
    "model": "viajes.extrareserva",
    "pk": 8,
    "fields": {
        "reserva": 4,
        "extra": 4,
        "cantidad": 1
    }
},
{
    "model": "viajes.extrareserva",
    "pk": 9,
    "fields": {
        "reserva": 5,
        "extra": 5,
        "cantidad": 1
    }
},
{
    "model": "viajes.extrareserva",
    "pk": 10,
    "fields": {
        "reserva": 3,
        "extra": 5,
        "cantidad": 1
    }
},
{
    "model": "viajes.extrareserva",
    "pk": 11,
    "fields": {
        "reserva": 10,
        "extra": 5,
        "cantidad": 1
    }
},
{
    "model": "viajes.extrareserva",
    "pk": 12,
    "fields": {
        "reserva": 9,
        "extra": 5,
        "cantidad": 1
    }
},
{
    "model": "viajes.extrareserva",
    "pk": 13,
    "fields": {
        "reserva": 10,
        "extra": 6,
        "cantidad": 1
    }
},
{
    "model": "viajes.extrareserva",
    "pk": 14,
    "fields": {
        "reserva": 2,
        "extra": 6,
        "cantidad": 1
    }
},
{
    "model": "viajes.extrareserva",
    "pk": 15,
    "fields": {
        "reserva": 12,
        "extra": 7,
        "cantidad": 1
    }
},
{
    "model": "viajes.extrareserva",
    "pk": 16,
    "fields": {
        "reserva": 8,
        "extra": 7,
        "cantidad": 1
    }
},
{
    "model": "viajes.extrareserva",
    "pk": 17,
    "fields": {
        "reserva": 10,
        "extra": 8,
        "cantidad": 1
    }
},
{
    "model": "viajes.extrareserva",
    "pk": 18,
    "fields": {
        "reserva": 15,
        "extra": 8,
        "cantidad": 1
    }
},
{
    "model": "viajes.extrareserva",
    "pk": 19,
    "fields": {
        "reserva": 3,
        "extra": 9,
        "cantidad": 1
    }
},
{
    "model": "viajes.extrareserva",
    "pk": 20,
    "fields": {
        "reserva": 5,
        "extra": 9,
        "cantidad": 1
    }
},
{
    "model": "viajes.extrareserva",
    "pk": 21,
    "fields": {
        "reserva": 8,
        "extra": 9,
        "cantidad": 1
    }
},
{
    "model": "viajes.extrareserva",
    "pk": 22,
    "fields": {
        "reserva": 5,
        "extra": 10,
        "cantidad": 1
    }
},
{
    "model": "viajes.extrareserva",
    "pk": 23,
    "fields": {
        "reserva": 15,
        "extra": 10,
        "cantidad": 1
    }
},
{
    "model": "viajes.extrareserva",
    "pk": 24,
    "fields": {
        "reserva": 11,
        "extra": 10,
        "cantidad": 1
    }
},
{
    "model": "viajes.extrareserva",
    "pk": 25,
    "fields": {
        "reserva": 15,
        "extra": 11,
        "cantidad": 1
    }
},
{
    "model": "viajes.extrareserva",
    "pk": 26,
    "fields": {
        "reserva": 7,
        "extra": 11,
        "cantidad": 1
    }
},
{
    "model": "viajes.extrareserva",
    "pk": 27,
    "fields": {
        "reserva": 5,
        "extra": 12,
        "cantidad": 1
    }
},
{
    "model": "viajes.extrareserva",
    "pk": 28,
    "fields": {
        "reserva": 2,
        "extra": 12,
        "cantidad": 1
    }
},
{
    "model": "viajes.extrareserva",
    "pk": 29,
    "fields": {
        "reserva": 11,
        "extra": 13,
        "cantidad": 1
    }
},
{
    "model": "viajes.extrareserva",
    "pk": 30,
    "fields": {
        "reserva": 10,
        "extra": 13,
        "cantidad": 1
    }
},
{
    "model": "viajes.extrareserva",
    "pk": 31,
    "fields": {
        "reserva": 6,
        "extra": 14,
        "cantidad": 1
    }
},
{
    "model": "viajes.extrareserva",
    "pk": 32,
    "fields": {
        "reserva": 7,
        "extra": 14,
        "cantidad": 1
    }
},
{
    "model": "viajes.extrareserva",
    "pk": 33,
    "fields": {
        "reserva": 14,
        "extra": 14,
        "cantidad": 1
    }
},
{
    "model": "viajes.extrareserva",
    "pk": 34,
    "fields": {
        "reserva": 2,
        "extra": 15,
        "cantidad": 1
    }
},
{
    "model": "viajes.extrareserva",
    "pk": 35,
    "fields": {
        "reserva": 11,
        "extra": 15,
        "cantidad": 1
    }
},
{
    "model": "viajes.extrareserva",
    "pk": 36,
    "fields": {
        "reserva": 10,
        "extra": 15,
        "cantidad": 1
    }
},
{
    "model": "viajes.extrareserva",
    "pk": 37,
    "fields": {
        "reserva": 14,
        "extra": 4,
        "cantidad": 1
    }
},
{
    "model": "viajes.extrareserva",
    "pk": 38,
    "fields": {
        "reserva": 2,
        "extra": 9,
        "cantidad": 1
    }
},
{
    "model": "viajes.extrareserva",
    "pk": 39,
    "fields": {
        "reserva": 3,
        "extra": 1,
        "cantidad": 1
    }
},
{
    "model": "viajes.extrareserva",
    "pk": 40,
    "fields": {
        "reserva": 7,
        "extra": 9,
        "cantidad": 1
    }
},
{
    "model": "viajes.extrareserva",
    "pk": 41,
    "fields": {
        "reserva": 8,
        "extra": 11,
        "cantidad": 1
    }
},
{
    "model": "viajes.extrareserva",
    "pk": 42,
    "fields": {
        "reserva": 9,
        "extra": 7,
        "cantidad": 1
    }
},
{
    "model": "viajes.extrareserva",
    "pk": 43,
    "fields": {
        "reserva": 13,
        "extra": 14,
        "cantidad": 1
    }
},
{
    "model": "viajes.extrareserva",
    "pk": 44,
    "fields": {
        "reserva": 2,
        "extra": 14,
        "cantidad": 1
    }
},
{
    "model": "viajes.extrareserva",
    "pk": 45,
    "fields": {
        "reserva": 1,
        "extra": 1,
        "cantidad": 1
    }
},
{
    "model": "viajes.extrareserva",
    "pk": 46,
    "fields": {
        "reserva": 2,
        "extra": 15,
        "cantidad": 1
    }
},
{
    "model": "viajes.extrareserva",
    "pk": 47,
    "fields": {
        "reserva": 4,
        "extra": 3,
        "cantidad": 1
    }
},
{
    "model": "viajes.extrareserva",
    "pk": 48,
    "fields": {
        "reserva": 7,
        "extra": 7,
        "cantidad": 1
    }
},
{
    "model": "viajes.extrareserva",
    "pk": 49,
    "fields": {
        "reserva": 2,
        "extra": 4,
        "cantidad": 1
    }
},
{
    "model": "viajes.extrareserva",
    "pk": 50,
    "fields": {
        "reserva": 2,
        "extra": 15,
        "cantidad": 1
    }
},
{
    "model": "viajes.extrareserva",
    "pk": 51,
    "fields": {
        "reserva": 9,
        "extra": 5,
        "cantidad": 1
    }
}
]
