[
{
    "model": "auth.permission",
    "pk": 1,
    "fields": {
        "name": "Can add log entry",
        "content_type": 1,
        "codename": "add_logentry"
    }
},
{
    "model": "auth.permission",
    "pk": 2,
    "fields": {
        "name": "Can change log entry",
        "content_type": 1,
        "codename": "change_logentry"
    }
},
{
    "model": "auth.permission",
    "pk": 3,
    "fields": {
        "name": "Can delete log entry",
        "content_type": 1,
        "codename": "delete_logentry"
    }
},
{
    "model": "auth.permission",
    "pk": 4,
    "fields": {
        "name": "Can view log entry",
        "content_type": 1,
        "codename": "view_logentry"
    }
},
{
    "model": "auth.permission",
    "pk": 5,
    "fields": {
        "name": "Can add permission",
        "content_type": 2,
        "codename": "add_permission"
    }
},
{
    "model": "auth.permission",
    "pk": 6,
    "fields": {
        "name": "Can change permission",
        "content_type": 2,
        "codename": "change_permission"
    }
},
{
    "model": "auth.permission",
    "pk": 7,
    "fields": {
        "name": "Can delete permission",
        "content_type": 2,
        "codename": "delete_permission"
    }
},
{
    "model": "auth.permission",
    "pk": 8,
    "fields": {
        "name": "Can view permission",
        "content_type": 2,
        "codename": "view_permission"
    }
},
{
    "model": "auth.permission",
    "pk": 9,
    "fields": {
        "name": "Can add group",
        "content_type": 3,
        "codename": "add_group"
    }
},
{
    "model": "auth.permission",
    "pk": 10,
    "fields": {
        "name": "Can change group",
        "content_type": 3,
        "codename": "change_group"
    }
},
{
    "model": "auth.permission",
    "pk": 11,
    "fields": {
        "name": "Can delete group",
        "content_type": 3,
        "codename": "delete_group"
    }
},
{
    "model": "auth.permission",
    "pk": 12,
    "fields": {
        "name": "Can view group",
        "content_type": 3,
        "codename": "view_group"
    }
},
{
    "model": "auth.permission",
    "pk": 13,
    "fields": {
        "name": "Can add user",
        "content_type": 4,
        "codename": "add_user"
    }
},
{
    "model": "auth.permission",
    "pk": 14,
    "fields": {
        "name": "Can change user",
        "content_type": 4,
        "codename": "change_user"
    }
},
{
    "model": "auth.permission",
    "pk": 15,
    "fields": {
        "name": "Can delete user",
        "content_type": 4,
        "codename": "delete_user"
    }
},
{
    "model": "auth.permission",
    "pk": 16,
    "fields": {
        "name": "Can view user",
        "content_type": 4,
        "codename": "view_user"
    }
},
{
    "model": "auth.permission",
    "pk": 17,
    "fields": {
        "name": "Can add content type",
        "content_type": 5,
        "codename": "add_contenttype"
    }
},
{
    "model": "auth.permission",
    "pk": 18,
    "fields": {
        "name": "Can change content type",
        "content_type": 5,
        "codename": "change_contenttype"
    }
},
{
    "model": "auth.permission",
    "pk": 19,
    "fields": {
        "name": "Can delete content type",
        "content_type": 5,
        "codename": "delete_contenttype"
    }
},
{
    "model": "auth.permission",
    "pk": 20,
    "fields": {
        "name": "Can view content type",
        "content_type": 5,
        "codename": "view_contenttype"
    }
},
{
    "model": "auth.permission",
    "pk": 21,
    "fields": {
        "name": "Can add session",
        "content_type": 6,
        "codename": "add_session"
    }
},
{
    "model": "auth.permission",
    "pk": 22,
    "fields": {
        "name": "Can change session",
        "content_type": 6,
        "codename": "change_session"
    }
},
{
    "model": "auth.permission",
    "pk": 23,
    "fields": {
        "name": "Can delete session",
        "content_type": 6,
        "codename": "delete_session"
    }
},
{
    "model": "auth.permission",
    "pk": 24,
    "fields": {
        "name": "Can view session",
        "content_type": 6,
        "codename": "view_session"
    }
},
{
    "model": "auth.permission",
    "pk": 25,
    "fields": {
        "name": "Can add destino",
        "content_type": 7,
        "codename": "add_destino"
    }
},
{
    "model": "auth.permission",
    "pk": 26,
    "fields": {
        "name": "Can change destino",
        "content_type": 7,
        "codename": "change_destino"
    }
},
{
    "model": "auth.permission",
    "pk": 27,
    "fields": {
        "name": "Can delete destino",
        "content_type": 7,
        "codename": "delete_destino"
    }
},
{
    "model": "auth.permission",
    "pk": 28,
    "fields": {
        "name": "Can view destino",
        "content_type": 7,
        "codename": "view_destino"
    }
},
{
    "model": "auth.permission",
    "pk": 29,
    "fields": {
        "name": "Can add extra",
        "content_type": 8,
        "codename": "add_extra"
    }
},
{
    "model": "auth.permission",
    "pk": 30,
    "fields": {
        "name": "Can change extra",
        "content_type": 8,
        "codename": "change_extra"
    }
},
{
    "model": "auth.permission",
    "pk": 31,
    "fields": {
        "name": "Can delete extra",
        "content_type": 8,
        "codename": "delete_extra"
    }
},
{
    "model": "auth.permission",
    "pk": 32,
    "fields": {
        "name": "Can view extra",
        "content_type": 8,
        "codename": "view_extra"
    }
},
{
    "model": "auth.permission",
    "pk": 33,
    "fields": {
        "name": "Can add reserva",
        "content_type": 9,
        "codename": "add_reserva"
    }
},
{
    "model": "auth.permission",
    "pk": 34,
    "fields": {
        "name": "Can change reserva",
        "content_type": 9,
        "codename": "change_reserva"
    }
},
{
    "model": "auth.permission",
    "pk": 35,
    "fields": {
        "name": "Can delete reserva",
        "content_type": 9,
        "codename": "delete_reserva"
    }
},
{
    "model": "auth.permission",
    "pk": 36,
    "fields": {
        "name": "Can view reserva",
        "content_type": 9,
        "codename": "view_reserva"
    }
},
{
    "model": "auth.permission",
    "pk": 37,
    "fields": {
        "name": "Can add usuario",
        "content_type": 10,
        "codename": "add_usuario"
    }
},
{
    "model": "auth.permission",
    "pk": 38,
    "fields": {
        "name": "Can change usuario",
        "content_type": 10,
        "codename": "change_usuario"
    }
},
{
    "model": "auth.permission",
    "pk": 39,
    "fields": {
        "name": "Can delete usuario",
        "content_type": 10,
        "codename": "delete_usuario"
    }
},
{
    "model": "auth.permission",
    "pk": 40,
    "fields": {
        "name": "Can view usuario",
        "content_type": 10,
        "codename": "view_usuario"
    }
},
{
    "model": "auth.permission",
    "pk": 41,
    "fields": {
        "name": "Can add alojamiento",
        "content_type": 11,
        "codename": "add_alojamiento"
    }
},
{
    "model": "auth.permission",
    "pk": 42,
    "fields": {
        "name": "Can change alojamiento",
        "content_type": 11,
        "codename": "change_alojamiento"
    }
},
{
    "model": "auth.permission",
    "pk": 43,
    "fields": {
        "name": "Can delete alojamiento",
        "content_type": 11,
        "codename": "delete_alojamiento"
    }
},
{
    "model": "auth.permission",
    "pk": 44,
    "fields": {
        "name": "Can view alojamiento",
        "content_type": 11,
        "codename": "view_alojamiento"
    }
},
{
    "model": "auth.permission",
    "pk": 45,
    "fields": {
        "name": "Can add promocion",
        "content_type": 12,
        "codename": "add_promocion"
    }
},
{
    "model": "auth.permission",
    "pk": 46,
    "fields": {
        "name": "Can change promocion",
        "content_type": 12,
        "codename": "change_promocion"
    }
},
{
    "model": "auth.permission",
    "pk": 47,
    "fields": {
        "name": "Can delete promocion",
        "content_type": 12,
        "codename": "delete_promocion"
    }
},
{
    "model": "auth.permission",
    "pk": 48,
    "fields": {
        "name": "Can view promocion",
        "content_type": 12,
        "codename": "view_promocion"
    }
},
{
    "model": "auth.permission",
    "pk": 49,
    "fields": {
        "name": "Can add factura",
        "content_type": 13,
        "codename": "add_factura"
    }
},
{
    "model": "auth.permission",
    "pk": 50,
    "fields": {
        "name": "Can change factura",
        "content_type": 13,
        "codename": "change_factura"
    }
},
{
    "model": "auth.permission",
    "pk": 51,
    "fields": {
        "name": "Can delete factura",
        "content_type": 13,
        "codename": "delete_factura"
    }
},
{
    "model": "auth.permission",
    "pk": 52,
    "fields": {
        "name": "Can view factura",
        "content_type": 13,
        "codename": "view_factura"
    }
},
{
    "model": "auth.permission",
    "pk": 53,
    "fields": {
        "name": "Can add extra reserva",
        "content_type": 14,
        "codename": "add_extrareserva"
    }
},
{
    "model": "auth.permission",
    "pk": 54,
    "fields": {
        "name": "Can change extra reserva",
        "content_type": 14,
        "codename": "change_extrareserva"
    }
},
{
    "model": "auth.permission",
    "pk": 55,
    "fields": {
        "name": "Can delete extra reserva",
        "content_type": 14,
        "codename": "delete_extrareserva"
    }
},
{
    "model": "auth.permission",
    "pk": 56,
    "fields": {
        "name": "Can view extra reserva",
        "content_type": 14,
        "codename": "view_extrareserva"
    }
},
{
    "model": "auth.permission",
    "pk": 57,
    "fields": {
        "name": "Can add transporte",
        "content_type": 15,
        "codename": "add_transporte"
    }
},
{
    "model": "auth.permission",
    "pk": 58,
    "fields": {
        "name": "Can change transporte",
        "content_type": 15,
        "codename": "change_transporte"
    }
},
{
    "model": "auth.permission",
    "pk": 59,
    "fields": {
        "name": "Can delete transporte",
        "content_type": 15,
        "codename": "delete_transporte"
    }
},
{
    "model": "auth.permission",
    "pk": 60,
    "fields": {
        "name": "Can view transporte",
        "content_type": 15,
        "codename": "view_transporte"
    }
},
{
    "model": "auth.permission",
    "pk": 61,
    "fields": {
        "name": "Can add pasaporte",
        "content_type": 16,
        "codename": "add_pasaporte"
    }
},
{
    "model": "auth.permission",
    "pk": 62,
    "fields": {
        "name": "Can change pasaporte",
        "content_type": 16,
        "codename": "change_pasaporte"
    }
},
{
    "model": "auth.permission",
    "pk": 63,
    "fields": {
        "name": "Can delete pasaporte",
        "content_type": 16,
        "codename": "delete_pasaporte"
    }
},
{
    "model": "auth.permission",
    "pk": 64,
    "fields": {
        "name": "Can view pasaporte",
        "content_type": 16,
        "codename": "view_pasaporte"
    }
},
{
    "model": "auth.permission",
    "pk": 65,
    "fields": {
        "name": "Can add comentario",
        "content_type": 17,
        "codename": "add_comentario"
    }
},
{
    "model": "auth.permission",
    "pk": 66,
    "fields": {
        "name": "Can change comentario",
        "content_type": 17,
        "codename": "change_comentario"
    }
},
{
    "model": "auth.permission",
    "pk": 67,
    "fields": {
        "name": "Can delete comentario",
        "content_type": 17,
        "codename": "delete_comentario"
    }
},
{
    "model": "auth.permission",
    "pk": 68,
    "fields": {
        "name": "Can view comentario",
        "content_type": 17,
        "codename": "view_comentario"
    }
},
{
    "model": "contenttypes.contenttype",
    "pk": 1,
    "fields": {
        "app_label": "admin",
        "model": "logentry"
    }
},
{
    "model": "contenttypes.contenttype",
    "pk": 2,
    "fields": {
        "app_label": "auth",
        "model": "permission"
    }
},
{
    "model": "contenttypes.contenttype",
    "pk": 3,
    "fields": {
        "app_label": "auth",
        "model": "group"
    }
},
{
    "model": "contenttypes.contenttype",
    "pk": 4,
    "fields": {
        "app_label": "auth",
        "model": "user"
    }
},
{
    "model": "contenttypes.contenttype",
    "pk": 5,
    "fields": {
        "app_label": "contenttypes",
        "model": "contenttype"
    }
},
{
    "model": "contenttypes.contenttype",
    "pk": 6,
    "fields": {
        "app_label": "sessions",
        "model": "session"
    }
},
{
    "model": "contenttypes.contenttype",
    "pk": 7,
    "fields": {
        "app_label": "viajes",
        "model": "destino"
    }
},
{
    "model": "contenttypes.contenttype",
    "pk": 8,
    "fields": {
        "app_label": "viajes",
        "model": "extra"
    }
},
{
    "model": "contenttypes.contenttype",
    "pk": 9,
    "fields": {
        "app_label": "viajes",
        "model": "reserva"
    }
},
{
    "model": "contenttypes.contenttype",
    "pk": 10,
    "fields": {
        "app_label": "viajes",
        "model": "usuario"
    }
},
{
    "model": "contenttypes.contenttype",
    "pk": 11,
    "fields": {
        "app_label": "viajes",
        "model": "alojamiento"
    }
},
{
    "model": "contenttypes.contenttype",
    "pk": 12,
    "fields": {
        "app_label": "viajes",
        "model": "promocion"
    }
},
{
    "model": "contenttypes.contenttype",
    "pk": 13,
    "fields": {
        "app_label": "viajes",
        "model": "factura"
    }
},
{
    "model": "contenttypes.contenttype",
    "pk": 14,
    "fields": {
        "app_label": "viajes",
        "model": "extrareserva"
    }
},
{
    "model": "contenttypes.contenttype",
    "pk": 15,
    "fields": {
        "app_label": "viajes",
        "model": "transporte"
    }
},
{
    "model": "contenttypes.contenttype",
    "pk": 16,
    "fields": {
        "app_label": "viajes",
        "model": "pasaporte"
    }
},
{
    "model": "contenttypes.contenttype",
    "pk": 17,
    "fields": {
        "app_label": "viajes",
        "model": "comentario"
    }
},
{
    "model": "viajes.usuario",
    "pk": 1,
    "fields": {
        "nombre": "Alone news action stop impact meeting. Truth apply cover western its.\nHair color seek market very same. Interesting behind whether. Can few music news condition.",
        "correo": "christinejenkins@example.org",
        "telefono": "Continue even.",
        "edad": 16278,
        "contraseña": "Actually ahead whatever.\nHer stage quite. Item could process step heart mention expect after. Move perhaps into marriage miss.",
        "fecha_registro": "2023-06-01"
    }
},
{
    "model": "viajes.usuario",
    "pk": 2,
    "fields": {
        "nombre": "Remember oil interesting purpose center section never. Movement school development huge democratic.",
        "correo": "josephalvarado@example.net",
        "telefono": "Cup action reach.",
        "edad": -26485,
        "contraseña": "Explain direction analysis tough recognize kitchen enough. Natural after rate claim fish.\nCapital peace charge short. Among build step develop sense keep. Late small save plan.",
        "fecha_registro": "1979-12-02"
    }
},
{
    "model": "viajes.usuario",
    "pk": 3,
    "fields": {
        "nombre": "Matter top set. Film memory into cultural student.\nSit break reason woman lawyer. Body huge appear fight. Major up look push choose trade.",
        "correo": "johnsonelizabeth@example.com",
        "telefono": "Low development guy.",
        "edad": -23325,
        "contraseña": "Collection able line ball receive. Improve responsibility sometimes car century one job fund. Important seem by.\nEvent position woman again worker. Account front amount natural.",
        "fecha_registro": "1978-10-25"
    }
},
{
    "model": "viajes.usuario",
    "pk": 4,
    "fields": {
        "nombre": "Report store number might.\nWhich floor continue country billion share never. Suffer bit child number foreign bank.\nCommercial middle dream tax.",
        "correo": "whitechristine@example.com",
        "telefono": "Discover treat.",
        "edad": -7200,
        "contraseña": "Conference eat owner. Sea room again career professional.\nEight section choice popular assume.\nGive senior center main name. Hotel successful cut there. Read certainly number nice wish business.",
        "fecha_registro": "2015-06-27"
    }
},
{
    "model": "viajes.usuario",
    "pk": 5,
    "fields": {
        "nombre": "Head power sort. Run cultural image.\nFrom soldier fund adult hard head statement. Future nature modern. Pick share each enter store.",
        "correo": "qferrell@example.net",
        "telefono": "Other himself spend.",
        "edad": 19933,
        "contraseña": "Easy side young open indicate candidate surface make. Recognize wide thank want situation major together. Kid daughter yes measure wind.",
        "fecha_registro": "1985-05-19"
    }
},
{
    "model": "viajes.usuario",
    "pk": 6,
    "fields": {
        "nombre": "Put expert Republican tough cut enough knowledge. Late product analysis organization star science. Staff him central choice. Wonder relationship college next compare child over win.",
        "correo": "awood@example.com",
        "telefono": "Wrong civil score.",
        "edad": -8371,
        "contraseña": "Another little model red we. Growth what most.\nBig glass view clearly certain positive. Guy budget data. Five hold language pay big single.",
        "fecha_registro": "1981-07-28"
    }
},
{
    "model": "viajes.usuario",
    "pk": 7,
    "fields": {
        "nombre": "Nothing change mother gun. Possible establish bad citizen.\nCharacter world personal firm under exactly business. Allow then here certainly friend assume ask.",
        "correo": "yhooper@example.com",
        "telefono": "Dark describe rich.",
        "edad": -10934,
        "contraseña": "Use explain pick full. Nation group above rock eight member level. Travel though mean their.\nSecurity increase thank later bag. Idea alone president process in forget report.",
        "fecha_registro": "1990-08-17"
    }
},
{
    "model": "viajes.usuario",
    "pk": 8,
    "fields": {
        "nombre": "Arm adult a allow especially agreement case store. Now girl grow.\nRate career else ahead cut game for. Various phone inside want no gas simple everything. Want adult record.",
        "correo": "julieknight@example.net",
        "telefono": "Student late.",
        "edad": 6226,
        "contraseña": "Product book against laugh another hour quickly international. Service allow claim maintain operation fine. Choose discover tend our.",
        "fecha_registro": "2016-06-06"
    }
},
{
    "model": "viajes.usuario",
    "pk": 9,
    "fields": {
        "nombre": "Final continue forward assume. Network doctor strategy catch treatment cost poor. Help performance marriage my century if.\nPerform go consumer carry keep fire someone three. Seem air field.",
        "correo": "jordanjohnson@example.com",
        "telefono": "Manager million.",
        "edad": -26266,
        "contraseña": "Level culture adult sort let. Threat pull have behind protect.\nBig course know method check during. Present attack hard standard. Image themselves figure.",
        "fecha_registro": "2016-07-13"
    }
},
{
    "model": "viajes.usuario",
    "pk": 10,
    "fields": {
        "nombre": "Eight home few tree return. Campaign despite mean daughter week gas.\nPeace option suggest head. Late southern modern author according us night. Article next successful mean writer soldier.",
        "correo": "emilyolson@example.com",
        "telefono": "Ahead voice.",
        "edad": -25806,
        "contraseña": "Public same summer language ground must. Task left else. Experience create support remember nor.\nSame style standard accept provide radio true. Lay oil discover everybody.",
        "fecha_registro": "1980-08-27"
    }
},
{
    "model": "viajes.usuario",
    "pk": 11,
    "fields": {
        "nombre": "Political us yes how character several. Soldier ask three kid page kitchen hundred. South fine game onto.",
        "correo": "yrichmond@example.com",
        "telefono": "Pull possible.",
        "edad": 16449,
        "contraseña": "Piece certainly through. Skin yet arm help.\nParty strong different pretty. Return nature line stage. Data itself suggest spring traditional.",
        "fecha_registro": "2018-08-28"
    }
},
{
    "model": "viajes.usuario",
    "pk": 12,
    "fields": {
        "nombre": "Interesting sport travel picture shake often sense. Well president technology oil. Tonight name only soon its.",
        "correo": "victoria02@example.net",
        "telefono": "Allow executive.",
        "edad": 10346,
        "contraseña": "Over radio free president national. Easy space plant law pretty forward statement.\nYou indicate finally cause. Short tell thousand research four add. Break heavy administration involve.",
        "fecha_registro": "1993-07-16"
    }
},
{
    "model": "viajes.usuario",
    "pk": 13,
    "fields": {
        "nombre": "Religious through trial pick opportunity development hear. Decide interesting let any institution president yet really. It today include until.",
        "correo": "whall@example.net",
        "telefono": "Food inside born.",
        "edad": -19580,
        "contraseña": "Ever mention western although record. Manager become the quickly remember. Member early finally chance produce dinner.",
        "fecha_registro": "1979-06-02"
    }
},
{
    "model": "viajes.usuario",
    "pk": 14,
    "fields": {
        "nombre": "Care hospital say smile eat. Back matter this entire information thing trade. Education mind method me.\nNight site consider white something expert. Weight project identify several their.",
        "correo": "zserrano@example.net",
        "telefono": "Political town.",
        "edad": 31566,
        "contraseña": "Respond have go. Rate whose finish cost.\nMeasure hot community business.\nDesign window policy assume leader product business. Sign because color set author.",
        "fecha_registro": "2008-10-07"
    }
},
{
    "model": "viajes.usuario",
    "pk": 15,
    "fields": {
        "nombre": "Guess security write do ball. Hold ten consumer wear money within. How color what.\nFirm through already because raise anyone anything. Field method soon budget cell.",
        "correo": "lambscott@example.org",
        "telefono": "Body cell can.",
        "edad": -1637,
        "contraseña": "Pressure somebody computer raise out land teacher. Young for attorney. Physical learn serious sense old strong spring.\nConsumer wife begin. Too loss support skill mouth attack particularly.",
        "fecha_registro": "2020-01-24"
    }
},
{
    "model": "viajes.destino",
    "pk": 1,
    "fields": {
        "nombre": "Rate number example record also simply improve. Animal trouble democratic act design. Size actually start poor list.",
        "pais": "After measure ok rock.",
        "descripcion": "Agreement player already chair quickly. School dream especially begin enough nation get. Hair others ten point.\nEmployee no price cut sign. Analysis but food money. Throughout their contain I of in.",
        "popularidad": 0.40760848110474646
    }
},
{
    "model": "viajes.destino",
    "pk": 2,
    "fields": {
        "nombre": "One suggest movement him third practice. Now agent fact suffer laugh. Machine generation evening.",
        "pais": "Environmental many second live put tough player.",
        "descripcion": "Outside find employee again call note.\nDark rule street accept him. Benefit road wear treat. Value four until base name.",
        "popularidad": 0.5230121637381556
    }
},
{
    "model": "viajes.destino",
    "pk": 3,
    "fields": {
        "nombre": "Include city defense common toward still. Around back live lot whom probably wear as. Expert no point field item before.",
        "pais": "White study store.",
        "descripcion": "Interview beat growth fly leave administration food song. Happy toward stage better.\nMinute create defense subject early marriage behind. Fast middle walk option new stuff.",
        "popularidad": 0.005125420068090469
    }
},
{
    "model": "viajes.destino",
    "pk": 4,
    "fields": {
        "nombre": "Until training office guy about language health site. Certainly anything result throughout practice.\nOption economy science share possible. Difficult describe last kind admit camera.",
        "pais": "Sure look kind firm never detail unit.",
        "descripcion": "Certain daughter Mrs star. Read pick truth push instead building. Participant out discover history he road.",
        "popularidad": 0.37921416103733163
    }
},
{
    "model": "viajes.destino",
    "pk": 5,
    "fields": {
        "nombre": "Authority according miss model. Public body whole too. Current direction create sit first.\nSkin your finally we. Pay race modern daughter not civil imagine.",
        "pais": "Voice rest affect about within best grow real.",
        "descripcion": "Cell suggest green yes. Glass keep wife member ask listen.\nStock never performance production. Economy year trade rest owner thought. Everybody another purpose like would easy.\nBeautiful foot cover.",
        "popularidad": 0.5525623412527655
    }
},
{
    "model": "viajes.destino",
    "pk": 6,
    "fields": {
        "nombre": "Win consider animal let choose. Fish company car others similar fall cold.",
        "pais": "Fire director until serious exist really dinner.",
        "descripcion": "Food democratic whose him sport election good.\nOutside successful her seat. Coach take manager peace crime wife quickly.",
        "popularidad": 0.5609321728888577
    }
},
{
    "model": "viajes.destino",
    "pk": 7,
    "fields": {
        "nombre": "Maybe bar leave forget. Science wife industry wait. Space must serious but win TV.\nLater material focus challenge. Media song stage ready. Cultural recognize loss something war.",
        "pais": "International campaign upon measure one.",
        "descripcion": "Technology agreement health language air and. Some scene stock parent business idea degree say. Pretty house less else believe song might.",
        "popularidad": 0.27150431311737844
    }
},
{
    "model": "viajes.destino",
    "pk": 8,
    "fields": {
        "nombre": "Experience perform market. Hit least stage term street million time. Whatever skill my pretty short.",
        "pais": "Drop born since argue between future.",
        "descripcion": "Clearly enter require trade know. Choose everything despite just program why.\nGreat drop various field whom thing catch. Article fear as particular those happen.",
        "popularidad": 0.16621188174250845
    }
},
{
    "model": "viajes.destino",
    "pk": 9,
    "fields": {
        "nombre": "Lawyer all there lead score difficult only more. Worker claim beautiful nothing.\nQuestion painting arm research major pay. Sing help pass plan.",
        "pais": "Site author table door each national market.",
        "descripcion": "Recently hundred market see. Significant apply sound spend person. Art piece security identify and rather. Consider see field wall now.",
        "popularidad": 0.29453612528578044
    }
},
{
    "model": "viajes.destino",
    "pk": 10,
    "fields": {
        "nombre": "Indicate be year stay probably power step. Study interest teacher behavior hit draw. Song street on recently method. Garden blood nor word with full.",
        "pais": "Throughout wear believe piece my.",
        "descripcion": "Week phone wrong market tonight return his. Maintain apply across soldier gas.\nAnyone heavy participant view they class clear from. Son nation both believe time. Matter nor three play court sport.",
        "popularidad": 0.029690541121739744
    }
},
{
    "model": "viajes.destino",
    "pk": 11,
    "fields": {
        "nombre": "Staff wall reduce.\nStore activity action consider. Second price investment vote reach way around. Including which certain when song data.",
        "pais": "Now something husband upon heart benefit soldier.",
        "descripcion": "Author answer mention pay seem.\nFly bill material several. Standard music watch. Necessary analysis claim energy decision position act.",
        "popularidad": 0.5693418336425329
    }
},
{
    "model": "viajes.destino",
    "pk": 12,
    "fields": {
        "nombre": "Gas rule character fish. Child career game politics for tend painting.\nBetter half brother with Congress watch institution. Education those religious while nice table manager building.",
        "pais": "Only speak song.",
        "descripcion": "Media hot response them identify pay. Attention paper wrong way end. Enough structure would hand both pattern. Figure worker some green account suffer.",
        "popularidad": 0.3737436238108447
    }
},
{
    "model": "viajes.destino",
    "pk": 13,
    "fields": {
        "nombre": "Age interest month behavior heart among. Area ok concern movement. Still president break husband hard onto.\nConcern individual produce technology. Life evening here player.",
        "pais": "Act area research tax.",
        "descripcion": "Than behind attorney help last. Eye animal into see network travel raise concern. Special agency view.\nOf great admit population response. Police test up hear.",
        "popularidad": 0.39281153983791306
    }
},
{
    "model": "viajes.destino",
    "pk": 14,
    "fields": {
        "nombre": "Worry north nothing staff degree forget must. Can need on last form here. Manager military strategy send international your. Step worry Republican state series head.",
        "pais": "Far detail policy material.",
        "descripcion": "Now three town.\nNow third close defense remain until hotel. Organization minute many fact team something. Pattern watch hospital in she under market.",
        "popularidad": 0.15441624471709015
    }
},
{
    "model": "viajes.destino",
    "pk": 15,
    "fields": {
        "nombre": "Community effect forward course girl. Large shake send resource. Start middle against movement son hot camera. Agreement leave establish woman health sea.",
        "pais": "Newspaper guy although people.",
        "descripcion": "Reach quite billion stand catch. Clearly control rest ten tend. Evening listen newspaper who similar.\nUnderstand win officer quite which firm whatever defense. Hour these interest few run party.",
        "popularidad": 0.927049845509318
    }
},
{
    "model": "viajes.reserva",
    "pk": 1,
    "fields": {
        "codigo_reserva": "Us firm player they.",
        "fecha_salida": "1990-11-18T19:52:47.534Z",
        "fecha_llegada": "1998-08-18T09:33:56.864Z",
        "numero_personas": 5238,
        "precio": "0.49",
        "usuario": 15
    }
},
{
    "model": "viajes.reserva",
    "pk": 2,
    "fields": {
        "codigo_reserva": "Medical police off.",
        "fecha_salida": "1974-10-17T10:02:44.575Z",
        "fecha_llegada": "2021-09-04T18:20:15.670Z",
        "numero_personas": 20103,
        "precio": "0.42",
        "usuario": 1
    }
},
{
    "model": "viajes.reserva",
    "pk": 3,
    "fields": {
        "codigo_reserva": "Write worker hair.",
        "fecha_salida": "1981-04-07T11:04:15.984Z",
        "fecha_llegada": "1983-11-02T07:12:53.462Z",
        "numero_personas": 13114,
        "precio": "0.13",
        "usuario": 3
    }
},
{
    "model": "viajes.reserva",
    "pk": 4,
    "fields": {
        "codigo_reserva": "Fill money speak.",
        "fecha_salida": "1989-02-21T04:39:38.224Z",
        "fecha_llegada": "1996-03-01T15:55:44.733Z",
        "numero_personas": 28004,
        "precio": "0.33",
        "usuario": 11
    }
},
{
    "model": "viajes.reserva",
    "pk": 5,
    "fields": {
        "codigo_reserva": "Authority stand its.",
        "fecha_salida": "1972-07-15T19:59:30.693Z",
        "fecha_llegada": "1970-08-29T20:57:36.759Z",
        "numero_personas": 4094,
        "precio": "0.06",
        "usuario": 8
    }
},
{
    "model": "viajes.reserva",
    "pk": 6,
    "fields": {
        "codigo_reserva": "Thousand since.",
        "fecha_salida": "1974-05-01T23:13:56.415Z",
        "fecha_llegada": "2019-07-29T04:39:03.954Z",
        "numero_personas": 22744,
        "precio": "0.28",
        "usuario": 2
    }
},
{
    "model": "viajes.reserva",
    "pk": 7,
    "fields": {
        "codigo_reserva": "Skin media music.",
        "fecha_salida": "2019-09-24T18:27:57.321Z",
        "fecha_llegada": "1992-10-08T20:46:29.591Z",
        "numero_personas": 20452,
        "precio": "0.55",
        "usuario": 4
    }
},
{
    "model": "viajes.reserva",
    "pk": 8,
    "fields": {
        "codigo_reserva": "Shoulder discuss.",
        "fecha_salida": "1985-01-31T16:24:38.822Z",
        "fecha_llegada": "2004-01-16T02:52:35.370Z",
        "numero_personas": 26075,
        "precio": "0.96",
        "usuario": 9
    }
},
{
    "model": "viajes.reserva",
    "pk": 9,
    "fields": {
        "codigo_reserva": "Race fill ask phone.",
        "fecha_salida": "1985-10-03T22:54:21.893Z",
        "fecha_llegada": "1988-09-13T21:13:23.557Z",
        "numero_personas": 5382,
        "precio": "0.65",
        "usuario": 14
    }
},
{
    "model": "viajes.reserva",
    "pk": 10,
    "fields": {
        "codigo_reserva": "Believe increase.",
        "fecha_salida": "2007-09-07T19:14:49.173Z",
        "fecha_llegada": "2023-08-29T21:20:29.569Z",
        "numero_personas": 29646,
        "precio": "0.81",
        "usuario": 6
    }
},
{
    "model": "viajes.reserva",
    "pk": 11,
    "fields": {
        "codigo_reserva": "Crime maybe get.",
        "fecha_salida": "2003-04-06T14:30:45.721Z",
        "fecha_llegada": "2010-08-21T23:02:49.038Z",
        "numero_personas": 1032,
        "precio": "0.51",
        "usuario": 13
    }
},
{
    "model": "viajes.reserva",
    "pk": 12,
    "fields": {
        "codigo_reserva": "Minute serious.",
        "fecha_salida": "2021-10-21T02:36:46.625Z",
        "fecha_llegada": "1974-07-20T04:05:32.135Z",
        "numero_personas": 23158,
        "precio": "0.92",
        "usuario": 12
    }
},
{
    "model": "viajes.reserva",
    "pk": 13,
    "fields": {
        "codigo_reserva": "Act recent science.",
        "fecha_salida": "1996-08-29T18:44:14.273Z",
        "fecha_llegada": "2024-07-09T09:58:40.731Z",
        "numero_personas": 4573,
        "precio": "0.91",
        "usuario": 10
    }
},
{
    "model": "viajes.reserva",
    "pk": 14,
    "fields": {
        "codigo_reserva": "Recent lay police.",
        "fecha_salida": "1974-12-31T08:46:37.544Z",
        "fecha_llegada": "1980-07-24T11:53:14.944Z",
        "numero_personas": 720,
        "precio": "0.81",
        "usuario": 5
    }
},
{
    "model": "viajes.reserva",
    "pk": 15,
    "fields": {
        "codigo_reserva": "Fine actually.",
        "fecha_salida": "1989-10-10T00:33:50.631Z",
        "fecha_llegada": "2022-05-10T21:48:38.571Z",
        "numero_personas": 31334,
        "precio": "0.95",
        "usuario": 7
    }
},
{
    "model": "viajes.comentario",
    "pk": 1,
    "fields": {
        "titulo": "Speech investment before probably from. Situation hear outside ground base no along large.",
        "contenido": "Early future us ready ahead. Order imagine camera business become former.\nFar world born image really near city. Entire half prepare possible too. Them of know third.",
        "fecha_comentario": "1977-04-06T00:28:03.644Z",
        "calificacion": 0.35153504871577335,
        "usuario": 1
    }
},
{
    "model": "viajes.comentario",
    "pk": 2,
    "fields": {
        "titulo": "Difference would letter approach easy. Wife but generation project. Focus particular exist take a.",
        "contenido": "Debate foreign hospital campaign unit which. Turn interest student exist.\nHistory interview ground figure no result. Fast television meeting national girl. Buy remember benefit parent.",
        "fecha_comentario": "1971-10-25T21:25:41.741Z",
        "calificacion": 0.10449712449295878,
        "usuario": 8
    }
},
{
    "model": "viajes.comentario",
    "pk": 3,
    "fields": {
        "titulo": "Condition game sound better move mouth. Agent address gas hundred conference attention.",
        "contenido": "New kind top whether. Time college within policy give hand. Chair employee Mr way pick how design million.",
        "fecha_comentario": "1992-03-24T15:25:58.039Z",
        "calificacion": 0.2220109199883491,
        "usuario": 6
    }
},
{
    "model": "viajes.comentario",
    "pk": 4,
    "fields": {
        "titulo": "Country follow rather just. Within have top billion.",
        "contenido": "What general push. Company least day try watch. Several no economic.\nProvide approach eye. Center protect finally theory.",
        "fecha_comentario": "1988-10-26T17:57:17.217Z",
        "calificacion": 0.15103774090874367,
        "usuario": 3
    }
},
{
    "model": "viajes.comentario",
    "pk": 5,
    "fields": {
        "titulo": "It allow deep each. Bank house talk see. Something loss state speech per.",
        "contenido": "Interview artist behavior decision. Else author direction under. Draw need crime member letter goal. Sing society firm east identify cup someone.",
        "fecha_comentario": "1984-08-28T13:53:15.973Z",
        "calificacion": 0.06458745653780296,
        "usuario": 7
    }
},
{
    "model": "viajes.comentario",
    "pk": 6,
    "fields": {
        "titulo": "Lawyer toward buy test major deal. Suddenly exist goal open stuff person. Sound society brother.",
        "contenido": "Simply guess return. Other until family answer still.\nSeries reach west reason child party old.\nMaterial night probably go part game. Official cultural think.",
        "fecha_comentario": "2016-08-15T13:35:20.819Z",
        "calificacion": 0.24219914571800127,
        "usuario": 8
    }
},
{
    "model": "viajes.comentario",
    "pk": 7,
    "fields": {
        "titulo": "Dinner quickly service will cover man.",
        "contenido": "Knowledge behind policy order. Serious already maintain.\nWhole discussion stop side form around food term. Of year actually community evidence trip draw.",
        "fecha_comentario": "2021-12-07T21:23:34.065Z",
        "calificacion": 0.07934177638126039,
        "usuario": 9
    }
},
{
    "model": "viajes.comentario",
    "pk": 8,
    "fields": {
        "titulo": "Record small step two tend civil. Both eye her.",
        "contenido": "Cost level red message trial. Try movie none daughter lose light key.\nStay shoulder how draw. Resource especially production hope participant huge certainly. Talk mention send this follow hot clear.",
        "fecha_comentario": "1989-09-02T06:50:21.878Z",
        "calificacion": 0.5145568221369252,
        "usuario": 11
    }
},
{
    "model": "viajes.comentario",
    "pk": 9,
    "fields": {
        "titulo": "Clearly up yard second.",
        "contenido": "Computer garden view study too. However sing past budget positive over born.\nAmong set which itself. Control team thus happen growth so. Throughout air health candidate section around.",
        "fecha_comentario": "1982-11-23T12:20:12.415Z",
        "calificacion": 0.045045634183468186,
        "usuario": 15
    }
},
{
    "model": "viajes.comentario",
    "pk": 10,
    "fields": {
        "titulo": "New keep father most more food understand. Help fear tonight region. Effort democratic our.",
        "contenido": "Bag choose choose really state card. Say call issue sound community bed plan family. Board inside away environment most message.",
        "fecha_comentario": "1979-03-08T00:56:59.411Z",
        "calificacion": 0.6818132323729374,
        "usuario": 7
    }
},
{
    "model": "viajes.comentario",
    "pk": 11,
    "fields": {
        "titulo": "Country imagine attention leader particular by.",
        "contenido": "Option evidence floor help leave. Race toward central college trial she.\nEasy fish seven especially. Age learn possible three plant.",
        "fecha_comentario": "1995-03-14T02:04:10.319Z",
        "calificacion": 0.04429655253454612,
        "usuario": 15
    }
},
{
    "model": "viajes.comentario",
    "pk": 12,
    "fields": {
        "titulo": "Someone center system wall member itself drop. Art call coach to edge sound.",
        "contenido": "Already beat land president each understand. Central former idea agree goal.",
        "fecha_comentario": "1973-07-27T04:03:14.158Z",
        "calificacion": 0.14973638866208694,
        "usuario": 2
    }
},
{
    "model": "viajes.comentario",
    "pk": 13,
    "fields": {
        "titulo": "Water create real candidate. Air age condition land news media. Hear join test nor while work.",
        "contenido": "Truth on color spend many. Few everybody cell former friend Democrat stuff those. Administration chair environmental else better.",
        "fecha_comentario": "1992-06-13T23:04:05.656Z",
        "calificacion": 0.40197060903037585,
        "usuario": 14
    }
},
{
    "model": "viajes.comentario",
    "pk": 14,
    "fields": {
        "titulo": "This black approach small nation. Occur structure foreign whether answer us care.",
        "contenido": "Pm religious Mr ask color.\nHistory skill edge process either become care. Student early him blue a field other may. Call design need common quickly.",
        "fecha_comentario": "2022-05-20T10:23:38.295Z",
        "calificacion": 0.09960829957672912,
        "usuario": 12
    }
},
{
    "model": "viajes.comentario",
    "pk": 15,
    "fields": {
        "titulo": "Attack ten road help other doctor. Energy star tough red project than require.",
        "contenido": "Thought lawyer myself pass simply sea. Wonder message send focus. Pretty family move past usually fact. Inside coach word personal.\nSport bank upon control team. Significant agency away health.",
        "fecha_comentario": "1977-05-17T06:47:11.457Z",
        "calificacion": 0.4653587144120135,
        "usuario": 14
    }
},
{
    "model": "viajes.alojamiento",
    "pk": 1,
    "fields": {
        "nombre": "Hour fear must itself. Center allow subject.\nGood serve find baby tonight effort record. Thought this make worker start poor. What guess group upon.",
        "direccion": "Drug respond seek fall walk. Defense within shake action some design.\nHealth environmental into set doctor recently develop business.",
        "capacidad": -13797,
        "tipo": "Record now adult.",
        "destino": 10,
        "reserva": 11
    }
},
{
    "model": "viajes.alojamiento",
    "pk": 2,
    "fields": {
        "nombre": "Training take statement western begin six past image. Trouble score floor citizen hard writer after main. Yourself nature cold wait hotel choose parent call.",
        "direccion": "Recent author couple stuff soldier. Rise after simple through.\nRole either nearly board. Main painting require official bag off recently ground.",
        "capacidad": -29637,
        "tipo": "Alone young relationship drug.",
        "destino": 1,
        "reserva": 1
    }
},
{
    "model": "viajes.alojamiento",
    "pk": 3,
    "fields": {
        "nombre": "Challenge near cultural growth point continue. Learn technology push movie foot author. Eat start space item.\nGet station war. Concern point good contain.",
        "direccion": "Public not help a community notice beat. List key modern star school.\nSecurity investment leave spring painting. Family rather world future get knowledge.",
        "capacidad": -29963,
        "tipo": "Mean leader face receive.",
        "destino": 8,
        "reserva": 7
    }
},
{
    "model": "viajes.alojamiento",
    "pk": 4,
    "fields": {
        "nombre": "Value under everything bill your we. Between wall food indicate debate road.\nSituation account clear. Both garden attack actually talk.\nCollection behavior statement. In let of watch conference fear.",
        "direccion": "Hundred perform surface different. Cell trade kid movie industry.\nDay employee study note. Majority other speak buy hour kind idea. Black beautiful present leader sign.",
        "capacidad": 19898,
        "tipo": "Thus heart glass foreign film.",
        "destino": 5,
        "reserva": 2
    }
},
{
    "model": "viajes.alojamiento",
    "pk": 5,
    "fields": {
        "nombre": "Happy so test hundred system. Spend value most against fact. Imagine left moment father set may.",
        "direccion": "Draw build staff finish. Child gun truth foot candidate pretty PM. So expert together research final story summer.",
        "capacidad": -19018,
        "tipo": "Hotel to actually man trouble.",
        "destino": 4,
        "reserva": 4
    }
},
{
    "model": "viajes.alojamiento",
    "pk": 6,
    "fields": {
        "nombre": "Research dream possible current. Them leader feeling smile western professional music.\nCamera play agency try question glass option save.",
        "direccion": "Travel management quickly study exactly team relationship.\nA myself democratic final.\nEach throughout major democratic member. Industry five company really bill.",
        "capacidad": 31381,
        "tipo": "Agree fire generation interest war.",
        "destino": 11,
        "reserva": 5
    }
},
{
    "model": "viajes.alojamiento",
    "pk": 7,
    "fields": {
        "nombre": "Beautiful structure near relationship PM. Fish wife wall method like arrive magazine.\nGreat alone season onto partner I. Appear data raise hit. Past according line take forward wear.",
        "direccion": "Movie state watch heavy land. Top position partner within have firm science. I region drop lay option model expert. Address know apply worry arm structure never wish.",
        "capacidad": -10884,
        "tipo": "System happen pretty rest brother.",
        "destino": 7,
        "reserva": 9
    }
},
{
    "model": "viajes.alojamiento",
    "pk": 8,
    "fields": {
        "nombre": "Weight pressure middle continue from fill. Mrs able at laugh she suddenly bag. Today role truth eat.\nDinner raise central admit visit perform often. Face safe although help crime.",
        "direccion": "Commercial site pass loss figure various. Quickly animal activity impact season. Task question until.\nReveal decision one including. Our cost else wrong wind mouth small no.",
        "capacidad": -18961,
        "tipo": "Music now grow require shoulder environment.",
        "destino": 8,
        "reserva": 9
    }
},
{
    "model": "viajes.alojamiento",
    "pk": 9,
    "fields": {
        "nombre": "Central shake song case.\nMaintain it blue general. Blue century personal record.\nCommunity behind medical. Time change black turn either need deal call.",
        "direccion": "Pattern resource travel thousand close on. Each teacher individual good charge note white then. Act nature can certainly movement economic must. Message sing laugh change mention something firm.",
        "capacidad": 5679,
        "tipo": "Beat less green manager fish seat rich.",
        "destino": 6,
        "reserva": 5
    }
},
{
    "model": "viajes.alojamiento",
    "pk": 10,
    "fields": {
        "nombre": "Thousand can west treatment service protect. Animal hundred huge.\nSecurity system policy nation. Exactly ahead everyone build.",
        "direccion": "Culture mission out weight military night develop. Same natural full discuss note remember character.",
        "capacidad": -7520,
        "tipo": "Any rich ago two well election benefit various.",
        "destino": 3,
        "reserva": 2
    }
},
{
    "model": "viajes.alojamiento",
    "pk": 11,
    "fields": {
        "nombre": "Example arm experience. Into billion best community bar. Treat act book.\nFind sort democratic board financial. Source visit truth paper. Time various successful task claim fall she.",
        "direccion": "Reveal also before agreement. Talk science bill interview without sell to. Individual five nice social series executive.\nForm bring and rich age interesting maintain. Onto mention shake level.",
        "capacidad": 13787,
        "tipo": "Look design evidence southern.",
        "destino": 4,
        "reserva": 5
    }
},
{
    "model": "viajes.alojamiento",
    "pk": 12,
    "fields": {
        "nombre": "Soldier form station. Box prevent article color recently bad face son. After from difference run age.\nWear skin right wall set success. Serve where however fill energy whose edge.",
        "direccion": "Them play lawyer win. Executive speech hospital positive. Analysis type manager blue speak run size side.",
        "capacidad": 23466,
        "tipo": "Perhaps heavy partner various.",
        "destino": 13,
        "reserva": 11
    }
},
{
    "model": "viajes.alojamiento",
    "pk": 13,
    "fields": {
        "nombre": "Collection me huge thing.\nBoy training management million stock send eat. Under appear few put.",
        "direccion": "Guy under yard debate network spring. Night bank market century. Church actually box choose official reach. Country century first somebody foreign.",
        "capacidad": -23920,
        "tipo": "Subject back form radio.",
        "destino": 14,
        "reserva": 14
    }
},
{
    "model": "viajes.alojamiento",
    "pk": 14,
    "fields": {
        "nombre": "Over arrive total individual ever. Local less skill reality away sense. Look effect civil enough others never law.",
        "direccion": "Impact anyone financial nothing once perhaps different. Watch something factor debate marriage policy sign able. Child board other level population its.",
        "capacidad": 13211,
        "tipo": "Race remember note just business.",
        "destino": 10,
        "reserva": 10
    }
},
{
    "model": "viajes.alojamiento",
    "pk": 15,
    "fields": {
        "nombre": "Last rate likely million coach heavy. Go food can town tree television. Company star pressure small our however law.\nEffect more ask build theory away. Throw firm worker effect receive than.",
        "direccion": "Would song imagine environment charge. Sea paper week animal.\nBank whatever unit former stand article. Meet often fast relationship.",
        "capacidad": 11297,
        "tipo": "Mother example throughout somebody.",
        "destino": 11,
        "reserva": 12
    }
},
{
    "model": "viajes.extra",
    "pk": 1,
    "fields": {
        "nombre": "Guess will civil I. Or lose street industry figure window.",
        "tipo": "seguro",
        "descripcion": "Business current respond gun. Hot painting same heavy growth event summer fight. Move piece will world despite sing. Fill low he true.",
        "precio": "0.21"
    }
},
{
    "model": "viajes.extra",
    "pk": 2,
    "fields": {
        "nombre": "Benefit usually brother magazine bed firm vote. Building shoulder sell.",
        "tipo": "guia",
        "descripcion": "Total smile pretty who accept. Organization water contain participant cause result. Compare north about despite teach tend I.",
        "precio": "0.12"
    }
},
{
    "model": "viajes.extra",
    "pk": 3,
    "fields": {
        "nombre": "Project support student several his positive spring. Threat suffer create today.",
        "tipo": "transporte",
        "descripcion": "Reality herself including then husband network face. System then along card drop more office indeed.",
        "precio": "0.78"
    }
},
{
    "model": "viajes.extra",
    "pk": 4,
    "fields": {
        "nombre": "Inside region community prepare go rule phone.",
        "tipo": "transporte",
        "descripcion": "East natural agent look best society. Catch yeah service city. Dark expect trouble.\nGas everybody back student yard store memory. Design main rule about film.",
        "precio": "0.55"
    }
},
{
    "model": "viajes.extra",
    "pk": 5,
    "fields": {
        "nombre": "Other performance store soon majority science. Method western operation house everything.",
        "tipo": "transporte",
        "descripcion": "Past adult catch street push. Once choice word they service on spend.\nUnderstand partner customer debate item offer various window. Water town service similar no rather mouth.",
        "precio": "0.29"
    }
},
{
    "model": "viajes.extra",
    "pk": 6,
    "fields": {
        "nombre": "Allow machine employee. Design spend because at.",
        "tipo": "seguro",
        "descripcion": "Discuss carry how amount ten again. Prepare couple article stand. Involve responsibility sing race reveal remember who.",
        "precio": "0.51"
    }
},
{
    "model": "viajes.extra",
    "pk": 7,
    "fields": {
        "nombre": "Since according become usually author often authority expert. Study item central high debate short.",
        "tipo": "seguro",
        "descripcion": "High need the task describe.\nSell raise instead she fact similar father. Director seem foreign. Commercial partner start last.\nDo over first new lot. Interest gun glass everyone order.",
        "precio": "0.14"
    }
},
{
    "model": "viajes.extra",
    "pk": 8,
    "fields": {
        "nombre": "Eye listen area. Fast law director.\nLater us nice goal through.",
        "tipo": "guia",
        "descripcion": "Race smile course whatever which.\nSo their memory strong already upon couple. Line cup sell leg affect walk treat.\nElse coach of responsibility though. Mention keep thing suffer.",
        "precio": "0.90"
    }
},
{
    "model": "viajes.extra",
    "pk": 9,
    "fields": {
        "nombre": "Fear go ask source deep well. Occur plant human account store purpose with.",
        "tipo": "guia",
        "descripcion": "Local organization nation toward.\nNation answer employee various finally. Affect drop table everything painting color majority.",
        "precio": "0.99"
    }
},
{
    "model": "viajes.extra",
    "pk": 10,
    "fields": {
        "nombre": "Beat popular reduce several deal station. Quite agent sell political its nor.",
        "tipo": "actividad",
        "descripcion": "Two third attack actually up free money. Guy show wait green. Last attack remain able fast safe board.\nSee chance probably century eight bank might. Hundred treat positive mind table market.",
        "precio": "0.69"
    }
},
{
    "model": "viajes.extra",
    "pk": 11,
    "fields": {
        "nombre": "American reflect about sign. Human focus protect play or voice. Best heavy play whether.",
        "tipo": "transporte",
        "descripcion": "Line level despite trouble left plan might establish. Edge option friend pick before movement.\nSame role central because. Finish bill window. Agree unit amount power effort police modern.",
        "precio": "0.49"
    }
},
{
    "model": "viajes.extra",
    "pk": 12,
    "fields": {
        "nombre": "Plant prepare arm attention eight what across. Clearly foreign us top. Group perform last.",
        "tipo": "guia",
        "descripcion": "Bar short big believe. Foot dinner hospital account. Past kind goal meet.\nAir out say nice. Ok food moment project guy they benefit. Difference organization throw treatment.",
        "precio": "0.53"
    }
},
{
    "model": "viajes.extra",
    "pk": 13,
    "fields": {
        "nombre": "Hand political analysis. Majority range by phone since mother. Ever any so few.",
        "tipo": "guia",
        "descripcion": "Factor lead able. Radio themselves coach agree relationship about prove. Focus sure article address nor indicate hundred despite.",
        "precio": "0.22"
    }
},
{
    "model": "viajes.extra",
    "pk": 14,
    "fields": {
        "nombre": "Cost art provide radio cell. Through control today throw down you. View among number thus cell.",
        "tipo": "seguro",
        "descripcion": "Visit case outside sea check do idea. North involve discussion open or actually smile.\nTruth behind line piece. Open population source prepare sense service instead.",
        "precio": "0.80"
    }
},
{
    "model": "viajes.extra",
    "pk": 15,
    "fields": {
        "nombre": "Record answer what key bar American. Direction able sing own.",
        "tipo": "seguro",
        "descripcion": "Subject name special range president bed yes tough. Seek candidate sell land.\nOn land animal care agency team like. Much entire wonder. Child manager four customer check environment money.",
        "precio": "0.75"
    }
},
{
    "model": "viajes.pasaporte",
    "pk": 1,
    "fields": {
        "numero": "Statement away born.",
        "fecha_emision": "1982-05-14",
        "fecha_expiracion": "2001-11-29",
        "nacionalidad": "Director possible every modern.",
        "usuario": 12
    }
},
{
    "model": "viajes.pasaporte",
    "pk": 2,
    "fields": {
        "numero": "Condition chance without leg born movement.",
        "fecha_emision": "2015-12-29",
        "fecha_expiracion": "2013-08-18",
        "nacionalidad": "Sea peace but recent travel.",
        "usuario": 10
    }
},
{
    "model": "viajes.pasaporte",
    "pk": 3,
    "fields": {
        "numero": "Newspaper stay eat move ok. Drug certainly build.",
        "fecha_emision": "1970-10-21",
        "fecha_expiracion": "1995-01-28",
        "nacionalidad": "Rather card military behavior office.",
        "usuario": 15
    }
},
{
    "model": "viajes.pasaporte",
    "pk": 4,
    "fields": {
        "numero": "Table produce free total sit.",
        "fecha_emision": "2005-03-08",
        "fecha_expiracion": "1989-12-04",
        "nacionalidad": "Nice mention soldier deep.",
        "usuario": 7
    }
},
{
    "model": "viajes.pasaporte",
    "pk": 5,
    "fields": {
        "numero": "Mother discover career learn I fill stop.",
        "fecha_emision": "2002-07-31",
        "fecha_expiracion": "1984-10-13",
        "nacionalidad": "Power player visit short end.",
        "usuario": 5
    }
},
{
    "model": "viajes.pasaporte",
    "pk": 6,
    "fields": {
        "numero": "Can high economy bit structure.",
        "fecha_emision": "1996-03-06",
        "fecha_expiracion": "2003-10-30",
        "nacionalidad": "This ten word significant back.",
        "usuario": 4
    }
},
{
    "model": "viajes.pasaporte",
    "pk": 7,
    "fields": {
        "numero": "Subject now hope.",
        "fecha_emision": "2011-04-14",
        "fecha_expiracion": "1986-02-21",
        "nacionalidad": "Charge dream dream get.",
        "usuario": 6
    }
},
{
    "model": "viajes.pasaporte",
    "pk": 8,
    "fields": {
        "numero": "Car test would. Worry become development sound.",
        "fecha_emision": "1996-03-08",
        "fecha_expiracion": "2005-03-30",
        "nacionalidad": "Degree if thousand over everyone record.",
        "usuario": 11
    }
},
{
    "model": "viajes.pasaporte",
    "pk": 9,
    "fields": {
        "numero": "One computer if day no.",
        "fecha_emision": "1999-02-20",
        "fecha_expiracion": "1992-08-26",
        "nacionalidad": "Especially choose audience each let fear image.",
        "usuario": 8
    }
},
{
    "model": "viajes.pasaporte",
    "pk": 10,
    "fields": {
        "numero": "Mind reveal up receive.",
        "fecha_emision": "2015-12-02",
        "fecha_expiracion": "1983-03-19",
        "nacionalidad": "Control you election him study common.",
        "usuario": 14
    }
},
{
    "model": "viajes.pasaporte",
    "pk": 11,
    "fields": {
        "numero": "Major century sign scene.",
        "fecha_emision": "1970-09-16",
        "fecha_expiracion": "2024-08-15",
        "nacionalidad": "Appear stop voice.",
        "usuario": 9
    }
},
{
    "model": "viajes.pasaporte",
    "pk": 12,
    "fields": {
        "numero": "Stand alone language customer.",
        "fecha_emision": "1990-07-04",
        "fecha_expiracion": "1986-10-03",
        "nacionalidad": "Before me their position new.",
        "usuario": 1
    }
},
{
    "model": "viajes.pasaporte",
    "pk": 13,
    "fields": {
        "numero": "Though thank current fast country head article.",
        "fecha_emision": "2022-11-22",
        "fecha_expiracion": "2019-08-19",
        "nacionalidad": "Imagine it local wall.",
        "usuario": 3
    }
},
{
    "model": "viajes.pasaporte",
    "pk": 14,
    "fields": {
        "numero": "Building whole physical amount keep industry.",
        "fecha_emision": "1987-09-29",
        "fecha_expiracion": "2012-01-16",
        "nacionalidad": "Top audience ahead kind sort detail.",
        "usuario": 2
    }
},
{
    "model": "viajes.pasaporte",
    "pk": 15,
    "fields": {
        "numero": "Short less send across onto.",
        "fecha_emision": "1978-03-14",
        "fecha_expiracion": "2013-02-03",
        "nacionalidad": "Rich finally score talk. Such star rich.",
        "usuario": 13
    }
},
{
    "model": "viajes.transporte",
    "pk": 1,
    "fields": {
        "tipo": "Along manager item statement unit strong city.",
        "capacidad": 32077,
        "disponible": true,
        "costo_por_persona": "0.09",
        "destino": [
            2,
            11,
            13
        ]
    }
},
{
    "model": "viajes.transporte",
    "pk": 2,
    "fields": {
        "tipo": "Class set us site instead phone which.",
        "capacidad": 2549,
        "disponible": true,
        "costo_por_persona": "0.56",
        "destino": [
            1
        ]
    }
},
{
    "model": "viajes.transporte",
    "pk": 3,
    "fields": {
        "tipo": "Science break side.",
        "capacidad": 11659,
        "disponible": true,
        "costo_por_persona": "0.66",
        "destino": [
            1,
            6,
            13
        ]
    }
},
{
    "model": "viajes.transporte",
    "pk": 4,
    "fields": {
        "tipo": "Move position think outside give.",
        "capacidad": 14485,
        "disponible": true,
        "costo_por_persona": "0.37",
        "destino": [
            9,
            10
        ]
    }
},
{
    "model": "viajes.transporte",
    "pk": 5,
    "fields": {
        "tipo": "Door often bank nor. Radio talk again collection.",
        "capacidad": 3457,
        "disponible": true,
        "costo_por_persona": "0.10",
        "destino": [
            1,
            4,
            6
        ]
    }
},
{
    "model": "viajes.transporte",
    "pk": 6,
    "fields": {
        "tipo": "Great situation occur base least could home.",
        "capacidad": 4756,
        "disponible": true,
        "costo_por_persona": "0.94",
        "destino": [
            7,
            10,
            12,
            13
        ]
    }
},
{
    "model": "viajes.transporte",
    "pk": 7,
    "fields": {
        "tipo": "Force paper time already.",
        "capacidad": 10109,
        "disponible": true,
        "costo_por_persona": "0.99",
        "destino": [
            1,
            2,
            12,
            15
        ]
    }
},
{
    "model": "viajes.transporte",
    "pk": 8,
    "fields": {
        "tipo": "Defense anyone case prepare.",
        "capacidad": 18857,
        "disponible": true,
        "costo_por_persona": "0.45",
        "destino": [
            5,
            12
        ]
    }
},
{
    "model": "viajes.transporte",
    "pk": 9,
    "fields": {
        "tipo": "Anything floor city player rate result fish.",
        "capacidad": 29765,
        "disponible": true,
        "costo_por_persona": "0.67",
        "destino": [
            9,
            11
        ]
    }
},
{
    "model": "viajes.transporte",
    "pk": 10,
    "fields": {
        "tipo": "Forward language set company turn way.",
        "capacidad": 252,
        "disponible": true,
        "costo_por_persona": "0.20",
        "destino": [
            3,
            12
        ]
    }
},
{
    "model": "viajes.transporte",
    "pk": 11,
    "fields": {
        "tipo": "Detail president war accept keep offer that.",
        "capacidad": 16535,
        "disponible": true,
        "costo_por_persona": "0.22",
        "destino": [
            11,
            12,
            13
        ]
    }
},
{
    "model": "viajes.transporte",
    "pk": 12,
    "fields": {
        "tipo": "Simply myself big check fight section issue.",
        "capacidad": 31577,
        "disponible": true,
        "costo_por_persona": "0.18",
        "destino": [
            4,
            13
        ]
    }
},
{
    "model": "viajes.transporte",
    "pk": 13,
    "fields": {
        "tipo": "Throughout standard check several.",
        "capacidad": 4873,
        "disponible": true,
        "costo_por_persona": "0.50",
        "destino": [
            6,
            13,
            14
        ]
    }
},
{
    "model": "viajes.transporte",
    "pk": 14,
    "fields": {
        "tipo": "Wife economy customer blue training agree must.",
        "capacidad": 20780,
        "disponible": true,
        "costo_por_persona": "0.05",
        "destino": [
            14
        ]
    }
},
{
    "model": "viajes.transporte",
    "pk": 15,
    "fields": {
        "tipo": "Realize what listen theory carry budget.",
        "capacidad": 20063,
        "disponible": true,
        "costo_por_persona": "0.53",
        "destino": [
            1,
            2,
            13
        ]
    }
},
{
    "model": "viajes.promocion",
    "pk": 1,
    "fields": {
        "nombre": "Despite able could relationship student. Always middle owner of generation run wall.",
        "descripcion": "Nearly common professional stay huge spend few.\nConcern instead expect size think lay office message. Age job true factor. Free interest without social to.",
        "descuento_porcentaje": 0.4078941491182889,
        "fecha_inicio": "1975-06-26",
        "fecha_fin": "2014-11-05",
        "activo": true,
        "alojamiento": 15,
        "destino": [
            6,
            10,
            12,
            13
        ]
    }
},
{
    "model": "viajes.promocion",
    "pk": 2,
    "fields": {
        "nombre": "May he expert him. Score can should begin account. Month church inside including.",
        "descripcion": "Crime other she question weight note. Impact blood budget wait real city treatment. Those win result light.",
        "descuento_porcentaje": 0.5651074379283524,
        "fecha_inicio": "2019-05-03",
        "fecha_fin": "1972-11-12",
        "activo": true,
        "alojamiento": 2,
        "destino": [
            8,
            12
        ]
    }
},
{
    "model": "viajes.promocion",
    "pk": 3,
    "fields": {
        "nombre": "Modern top during early others west.",
        "descripcion": "Discover affect try unit score enter for nice. Smile somebody center either say. Care some off tonight.",
        "descuento_porcentaje": 0.5263967629104129,
        "fecha_inicio": "2000-03-04",
        "fecha_fin": "2020-03-20",
        "activo": true,
        "alojamiento": 4,
        "destino": [
            1,
            7,
            10
        ]
    }
},
{
    "model": "viajes.promocion",
    "pk": 4,
    "fields": {
        "nombre": "Read close mention. Up realize bill protect.",
        "descripcion": "Style yet free across someone suddenly. Hospital soon approach American perhaps partner health adult.\nMusic Democrat notice read poor seek everything. Election contain teach fish show eye.",
        "descuento_porcentaje": 0.7244812471432454,
        "fecha_inicio": "1970-01-27",
        "fecha_fin": "2005-03-08",
        "activo": true,
        "alojamiento": 11,
        "destino": [
            8
        ]
    }
},
{
    "model": "viajes.promocion",
    "pk": 5,
    "fields": {
        "nombre": "Opportunity pretty could wall structure apply since. Physical body response rise since.",
        "descripcion": "Political save go front meet. Environment both better serious generation usually director.\nWithin fall help half. Eye feel evidence why either idea. Finish section radio standard quickly partner.",
        "descuento_porcentaje": 0.21514627637180794,
        "fecha_inicio": "2007-03-03",
        "fecha_fin": "2000-04-28",
        "activo": true,
        "alojamiento": 3,
        "destino": [
            2,
            3
        ]
    }
},
{
    "model": "viajes.promocion",
    "pk": 6,
    "fields": {
        "nombre": "Ahead various down fly respond though instead. Believe whether seem. Safe eye draw.",
        "descripcion": "Important quality put be style letter ready. Board fund to economy or few organization. Leave product past option popular risk. Perform me be ball name.",
        "descuento_porcentaje": 0.5145621877648568,
        "fecha_inicio": "2003-01-11",
        "fecha_fin": "2019-07-21",
        "activo": true,
        "alojamiento": 10,
        "destino": [
            2,
            14
        ]
    }
},
{
    "model": "viajes.promocion",
    "pk": 7,
    "fields": {
        "nombre": "Cost truth ago. Mention economy letter point drop economy. Red we people some.",
        "descripcion": "Today develop marriage executive. Hotel important say event technology community water quality. Increase analysis trade great.",
        "descuento_porcentaje": 0.5849575549042678,
        "fecha_inicio": "1990-10-11",
        "fecha_fin": "2019-12-23",
        "activo": true,
        "alojamiento": 5,
        "destino": [
            4,
            5
        ]
    }
},
{
    "model": "viajes.promocion",
    "pk": 8,
    "fields": {
        "nombre": "Record listen west space change. Certainly recent bar people ok opportunity.",
        "descripcion": "Short wait natural rich.\nRemain check shake increase miss owner reflect. Military argue may. East adult move hold.",
        "descuento_porcentaje": 0.0676136101754331,
        "fecha_inicio": "1995-03-13",
        "fecha_fin": "1994-07-06",
        "activo": true,
        "alojamiento": 9,
        "destino": [
            4,
            15
        ]
    }
},
{
    "model": "viajes.promocion",
    "pk": 9,
    "fields": {
        "nombre": "Seem amount effect drive guess.",
        "descripcion": "Them movie back face toward take question. Manage yourself cell. Specific couple spring anyone clear result happy audience.",
        "descuento_porcentaje": 0.23763234392553811,
        "fecha_inicio": "1971-12-03",
        "fecha_fin": "2021-10-14",
        "activo": true,
        "alojamiento": 12,
        "destino": [
            9,
            14,
            15
        ]
    }
},
{
    "model": "viajes.promocion",
    "pk": 10,
    "fields": {
        "nombre": "Professional sit religious no painting. Money all sell policy cup school.",
        "descripcion": "Magazine and degree area learn.\nBoard front indeed enter single husband.",
        "descuento_porcentaje": 0.6697882302989476,
        "fecha_inicio": "1979-05-24",
        "fecha_fin": "2009-06-10",
        "activo": true,
        "alojamiento": 6,
        "destino": [
            3
        ]
    }
},
{
    "model": "viajes.promocion",
    "pk": 11,
    "fields": {
        "nombre": "Against someone exist. Reality so small leave. Glass collection state.",
        "descripcion": "Low article strong huge shoulder north. Nearly above must north learn attack.\nIdentify relate a music mother less. Case six floor per discover cover camera much. Threat heart three claim foreign.",
        "descuento_porcentaje": 0.3909101926477685,
        "fecha_inicio": "1981-02-16",
        "fecha_fin": "2012-11-09",
        "activo": true,
        "alojamiento": 8,
        "destino": [
            6,
            12
        ]
    }
},
{
    "model": "viajes.promocion",
    "pk": 12,
    "fields": {
        "nombre": "Record laugh protect change culture. Term remain since during produce trouble its necessary.",
        "descripcion": "Those economy PM. Design example maintain science old pull think leave.\nExpect until agree why here. Trial available box customer certain American collection. One when teacher without reality save.",
        "descuento_porcentaje": 0.3547921356423892,
        "fecha_inicio": "2004-02-11",
        "fecha_fin": "2005-02-28",
        "activo": true,
        "alojamiento": 13,
        "destino": [
            1,
            3,
            10
        ]
    }
},
{
    "model": "viajes.promocion",
    "pk": 13,
    "fields": {
        "nombre": "Question assume short ball. Miss cut ball past born other heart.",
        "descripcion": "Attention sing interest present. Player reality campaign purpose official well commercial. Wife argue reality number.\nNecessary fire trial reflect among run hope.",
        "descuento_porcentaje": 0.9822704990392973,
        "fecha_inicio": "2017-11-09",
        "fecha_fin": "1970-03-02",
        "activo": true,
        "alojamiento": 1,
        "destino": [
            3,
            9,
            15
        ]
    }
},
{
    "model": "viajes.promocion",
    "pk": 14,
    "fields": {
        "nombre": "Benefit and result police raise contain memory his.",
        "descripcion": "Your high hope support either pay tonight. Say couple think source avoid evening bag of.\nFilm society wait right house this vote reflect. Alone consider manage theory road customer ok.",
        "descuento_porcentaje": 0.03305938265375785,
        "fecha_inicio": "1974-02-20",
        "fecha_fin": "1970-01-05",
        "activo": true,
        "alojamiento": 14,
        "destino": [
            11
        ]
    }
},
{
    "model": "viajes.promocion",
    "pk": 15,
    "fields": {
        "nombre": "Population financial far back sister me relate of. Idea art stand good establish safe.",
        "descripcion": "Someone address hold customer store theory class. Region president until arm organization than statement compare.",
        "descuento_porcentaje": 0.4297389330648703,
        "fecha_inicio": "1992-06-20",
        "fecha_fin": "1970-09-01",
        "activo": true,
        "alojamiento": 7,
        "destino": [
            1
        ]
    }
},
{
    "model": "viajes.factura",
    "pk": 1,
    "fields": {
        "numero_factura": "Four hot safe great.",
        "fecha_emision": "1988-10-05",
        "coste": "0.60",
        "metodo_pago": "Transferencia",
        "reserva": 15
    }
},
{
    "model": "viajes.factura",
    "pk": 2,
    "fields": {
        "numero_factura": "Contain buy onto.",
        "fecha_emision": "1987-07-18",
        "coste": "0.03",
        "metodo_pago": "Tarjeta",
        "reserva": 2
    }
},
{
    "model": "viajes.factura",
    "pk": 3,
    "fields": {
        "numero_factura": "Individual across.",
        "fecha_emision": "1984-07-02",
        "coste": "0.49",
        "metodo_pago": "Transferencia",
        "reserva": 6
    }
},
{
    "model": "viajes.factura",
    "pk": 4,
    "fields": {
        "numero_factura": "Radio teacher.",
        "fecha_emision": "2005-10-31",
        "coste": "0.24",
        "metodo_pago": "Transferencia",
        "reserva": 7
    }
},
{
    "model": "viajes.factura",
    "pk": 5,
    "fields": {
        "numero_factura": "Answer community.",
        "fecha_emision": "1995-12-03",
        "coste": "0.99",
        "metodo_pago": "Transferencia",
        "reserva": 5
    }
},
{
    "model": "viajes.factura",
    "pk": 6,
    "fields": {
        "numero_factura": "Poor shoulder.",
        "fecha_emision": "1977-12-20",
        "coste": "0.51",
        "metodo_pago": "Transferencia",
        "reserva": 12
    }
},
{
    "model": "viajes.factura",
    "pk": 7,
    "fields": {
        "numero_factura": "Smile or walk view.",
        "fecha_emision": "1974-09-07",
        "coste": "0.69",
        "metodo_pago": "Efectivo",
        "reserva": 1
    }
},
{
    "model": "viajes.factura",
    "pk": 8,
    "fields": {
        "numero_factura": "National believe.",
        "fecha_emision": "2012-03-16",
        "coste": "0.94",
        "metodo_pago": "Transferencia",
        "reserva": 11
    }
},
{
    "model": "viajes.factura",
    "pk": 9,
    "fields": {
        "numero_factura": "Institution western.",
        "fecha_emision": "1995-10-21",
        "coste": "0.17",
        "metodo_pago": "Efectivo",
        "reserva": 4
    }
},
{
    "model": "viajes.factura",
    "pk": 10,
    "fields": {
        "numero_factura": "Seven music meet.",
        "fecha_emision": "2008-11-18",
        "coste": "0.55",
        "metodo_pago": "Transferencia",
        "reserva": 14
    }
},
{
    "model": "viajes.factura",
    "pk": 11,
    "fields": {
        "numero_factura": "Evidence group very.",
        "fecha_emision": "2015-11-29",
        "coste": "0.56",
        "metodo_pago": "Tarjeta",
        "reserva": 9
    }
},
{
    "model": "viajes.factura",
    "pk": 12,
    "fields": {
        "numero_factura": "Art this eye amount.",
        "fecha_emision": "1998-09-04",
        "coste": "0.60",
        "metodo_pago": "Tarjeta",
        "reserva": 13
    }
},
{
    "model": "viajes.factura",
    "pk": 13,
    "fields": {
        "numero_factura": "Safe evening per.",
        "fecha_emision": "1985-08-02",
        "coste": "0.39",
        "metodo_pago": "Transferencia",
        "reserva": 3
    }
},
{
    "model": "viajes.factura",
    "pk": 14,
    "fields": {
        "numero_factura": "Box guy suffer.",
        "fecha_emision": "1990-07-25",
        "coste": "0.68",
        "metodo_pago": "Tarjeta",
        "reserva": 8
    }
},
{
    "model": "viajes.factura",
    "pk": 15,
    "fields": {
        "numero_factura": "Leader part assume.",
        "fecha_emision": "1984-09-08",
        "coste": "0.58",
        "metodo_pago": "Transferencia",
        "reserva": 10
    }
},
{
    "model": "viajes.extrareserva",
    "pk": 1,
    "fields": {
        "reserva": 15,
        "extra": 1,
        "cantidad": 1
    }
},
{
    "model": "viajes.extrareserva",
    "pk": 2,
    "fields": {
        "reserva": 2,
        "extra": 1,
        "cantidad": 1
    }
},
{
    "model": "viajes.extrareserva",
    "pk": 3,
    "fields": {
        "reserva": 11,
        "extra": 1,
        "cantidad": 1
    }
},
{
    "model": "viajes.extrareserva",
    "pk": 4,
    "fields": {
        "reserva": 1,
        "extra": 2,
        "cantidad": 1
    }
},
{
    "model": "viajes.extrareserva",
    "pk": 5,
    "fields": {
        "reserva": 1,
        "extra": 3,
        "cantidad": 1
    }
},
{
    "model": "viajes.extrareserva",
    "pk": 6,
    "fields": {
        "reserva": 6,
        "extra": 3,
        "cantidad": 1
    }
},
{
    "model": "viajes.extrareserva",
    "pk": 7,
    "fields": {
        "reserva": 9,
        "extra": 3,
        "cantidad": 1
    }
},
{
    "model": "viajes.extrareserva",
    "pk": 8,
    "fields": {
        "reserva": 10,
        "extra": 3,
        "cantidad": 1
    }
},
{
    "model": "viajes.extrareserva",
    "pk": 9,
    "fields": {
        "reserva": 3,
        "extra": 4,
        "cantidad": 1
    }
},
{
    "model": "viajes.extrareserva",
    "pk": 10,
    "fields": {
        "reserva": 2,
        "extra": 4,
        "cantidad": 1
    }
},
{
    "model": "viajes.extrareserva",
    "pk": 11,
    "fields": {
        "reserva": 9,
        "extra": 4,
        "cantidad": 1
    }
},
{
    "model": "viajes.extrareserva",
    "pk": 12,
    "fields": {
        "reserva": 14,
        "extra": 5,
        "cantidad": 1
    }
},
{
    "model": "viajes.extrareserva",
    "pk": 13,
    "fields": {
        "reserva": 4,
        "extra": 6,
        "cantidad": 1
    }
},
{
    "model": "viajes.extrareserva",
    "pk": 14,
    "fields": {
        "reserva": 13,
        "extra": 6,
        "cantidad": 1
    }
},
{
    "model": "viajes.extrareserva",
    "pk": 15,
    "fields": {
        "reserva": 6,
        "extra": 6,
        "cantidad": 1
    }
},
{
    "model": "viajes.extrareserva",
    "pk": 16,
    "fields": {
        "reserva": 2,
        "extra": 6,
        "cantidad": 1
    }
},
{
    "model": "viajes.extrareserva",
    "pk": 17,
    "fields": {
        "reserva": 13,
        "extra": 7,
        "cantidad": 1
    }
},
{
    "model": "viajes.extrareserva",
    "pk": 18,
    "fields": {
        "reserva": 5,
        "extra": 7,
        "cantidad": 1
    }
},
{
    "model": "viajes.extrareserva",
    "pk": 19,
    "fields": {
        "reserva": 4,
        "extra": 8,
        "cantidad": 1
    }
},
{
    "model": "viajes.extrareserva",
    "pk": 20,
    "fields": {
        "reserva": 1,
        "extra": 9,
        "cantidad": 1
    }
},
{
    "model": "viajes.extrareserva",
    "pk": 21,
    "fields": {
        "reserva": 1,
        "extra": 10,
        "cantidad": 1
    }
},
{
    "model": "viajes.extrareserva",
    "pk": 22,
    "fields": {
        "reserva": 4,
        "extra": 11,
        "cantidad": 1
    }
},
{
    "model": "viajes.extrareserva",
    "pk": 23,
    "fields": {
        "reserva": 6,
        "extra": 12,
        "cantidad": 1
    }
},
{
    "model": "viajes.extrareserva",
    "pk": 24,
    "fields": {
        "reserva": 4,
        "extra": 12,
        "cantidad": 1
    }
},
{
    "model": "viajes.extrareserva",
    "pk": 25,
    "fields": {
        "reserva": 9,
        "extra": 12,
        "cantidad": 1
    }
},
{
    "model": "viajes.extrareserva",
    "pk": 26,
    "fields": {
        "reserva": 8,
        "extra": 13,
        "cantidad": 1
    }
},
{
    "model": "viajes.extrareserva",
    "pk": 27,
    "fields": {
        "reserva": 9,
        "extra": 14,
        "cantidad": 1
    }
},
{
    "model": "viajes.extrareserva",
    "pk": 28,
    "fields": {
        "reserva": 10,
        "extra": 15,
        "cantidad": 1
    }
},
{
    "model": "viajes.extrareserva",
    "pk": 29,
    "fields": {
        "reserva": 13,
        "extra": 15,
        "cantidad": 1
    }
},
{
    "model": "viajes.extrareserva",
    "pk": 30,
    "fields": {
        "reserva": 4,
        "extra": 15,
        "cantidad": 1
    }
},
{
    "model": "viajes.extrareserva",
    "pk": 31,
    "fields": {
        "reserva": 7,
        "extra": 15,
        "cantidad": 1
    }
},
{
    "model": "viajes.extrareserva",
    "pk": 32,
    "fields": {
        "reserva": 5,
        "extra": 14,
        "cantidad": 1
    }
},
{
    "model": "viajes.extrareserva",
    "pk": 33,
    "fields": {
        "reserva": 15,
        "extra": 6,
        "cantidad": 1
    }
},
{
    "model": "viajes.extrareserva",
    "pk": 34,
    "fields": {
        "reserva": 11,
        "extra": 7,
        "cantidad": 1
    }
},
{
    "model": "viajes.extrareserva",
    "pk": 35,
    "fields": {
        "reserva": 15,
        "extra": 2,
        "cantidad": 1
    }
},
{
    "model": "viajes.extrareserva",
    "pk": 36,
    "fields": {
        "reserva": 8,
        "extra": 15,
        "cantidad": 1
    }
},
{
    "model": "viajes.extrareserva",
    "pk": 37,
    "fields": {
        "reserva": 10,
        "extra": 11,
        "cantidad": 1
    }
},
{
    "model": "viajes.extrareserva",
    "pk": 38,
    "fields": {
        "reserva": 2,
        "extra": 8,
        "cantidad": 1
    }
},
{
    "model": "viajes.extrareserva",
    "pk": 39,
    "fields": {
        "reserva": 7,
        "extra": 14,
        "cantidad": 1
    }
},
{
    "model": "viajes.extrareserva",
    "pk": 40,
    "fields": {
        "reserva": 6,
        "extra": 12,
        "cantidad": 1
    }
},
{
    "model": "viajes.extrareserva",
    "pk": 41,
    "fields": {
        "reserva": 11,
        "extra": 12,
        "cantidad": 1
    }
},
{
    "model": "viajes.extrareserva",
    "pk": 42,
    "fields": {
        "reserva": 2,
        "extra": 14,
        "cantidad": 1
    }
},
{
    "model": "viajes.extrareserva",
    "pk": 43,
    "fields": {
        "reserva": 10,
        "extra": 8,
        "cantidad": 1
    }
},
{
    "model": "viajes.extrareserva",
    "pk": 44,
    "fields": {
        "reserva": 15,
        "extra": 10,
        "cantidad": 1
    }
},
{
    "model": "viajes.extrareserva",
    "pk": 45,
    "fields": {
        "reserva": 7,
        "extra": 8,
        "cantidad": 1
    }
},
{
    "model": "viajes.extrareserva",
    "pk": 46,
    "fields": {
        "reserva": 4,
        "extra": 14,
        "cantidad": 1
    }
}
]
