[
{
    "model": "auth.permission",
    "pk": 1,
    "fields": {
        "name": "Can add log entry",
        "content_type": 1,
        "codename": "add_logentry"
    }
},
{
    "model": "auth.permission",
    "pk": 2,
    "fields": {
        "name": "Can change log entry",
        "content_type": 1,
        "codename": "change_logentry"
    }
},
{
    "model": "auth.permission",
    "pk": 3,
    "fields": {
        "name": "Can delete log entry",
        "content_type": 1,
        "codename": "delete_logentry"
    }
},
{
    "model": "auth.permission",
    "pk": 4,
    "fields": {
        "name": "Can view log entry",
        "content_type": 1,
        "codename": "view_logentry"
    }
},
{
    "model": "auth.permission",
    "pk": 5,
    "fields": {
        "name": "Can add permission",
        "content_type": 2,
        "codename": "add_permission"
    }
},
{
    "model": "auth.permission",
    "pk": 6,
    "fields": {
        "name": "Can change permission",
        "content_type": 2,
        "codename": "change_permission"
    }
},
{
    "model": "auth.permission",
    "pk": 7,
    "fields": {
        "name": "Can delete permission",
        "content_type": 2,
        "codename": "delete_permission"
    }
},
{
    "model": "auth.permission",
    "pk": 8,
    "fields": {
        "name": "Can view permission",
        "content_type": 2,
        "codename": "view_permission"
    }
},
{
    "model": "auth.permission",
    "pk": 9,
    "fields": {
        "name": "Can add group",
        "content_type": 3,
        "codename": "add_group"
    }
},
{
    "model": "auth.permission",
    "pk": 10,
    "fields": {
        "name": "Can change group",
        "content_type": 3,
        "codename": "change_group"
    }
},
{
    "model": "auth.permission",
    "pk": 11,
    "fields": {
        "name": "Can delete group",
        "content_type": 3,
        "codename": "delete_group"
    }
},
{
    "model": "auth.permission",
    "pk": 12,
    "fields": {
        "name": "Can view group",
        "content_type": 3,
        "codename": "view_group"
    }
},
{
    "model": "auth.permission",
    "pk": 13,
    "fields": {
        "name": "Can add user",
        "content_type": 4,
        "codename": "add_user"
    }
},
{
    "model": "auth.permission",
    "pk": 14,
    "fields": {
        "name": "Can change user",
        "content_type": 4,
        "codename": "change_user"
    }
},
{
    "model": "auth.permission",
    "pk": 15,
    "fields": {
        "name": "Can delete user",
        "content_type": 4,
        "codename": "delete_user"
    }
},
{
    "model": "auth.permission",
    "pk": 16,
    "fields": {
        "name": "Can view user",
        "content_type": 4,
        "codename": "view_user"
    }
},
{
    "model": "auth.permission",
    "pk": 17,
    "fields": {
        "name": "Can add content type",
        "content_type": 5,
        "codename": "add_contenttype"
    }
},
{
    "model": "auth.permission",
    "pk": 18,
    "fields": {
        "name": "Can change content type",
        "content_type": 5,
        "codename": "change_contenttype"
    }
},
{
    "model": "auth.permission",
    "pk": 19,
    "fields": {
        "name": "Can delete content type",
        "content_type": 5,
        "codename": "delete_contenttype"
    }
},
{
    "model": "auth.permission",
    "pk": 20,
    "fields": {
        "name": "Can view content type",
        "content_type": 5,
        "codename": "view_contenttype"
    }
},
{
    "model": "auth.permission",
    "pk": 21,
    "fields": {
        "name": "Can add session",
        "content_type": 6,
        "codename": "add_session"
    }
},
{
    "model": "auth.permission",
    "pk": 22,
    "fields": {
        "name": "Can change session",
        "content_type": 6,
        "codename": "change_session"
    }
},
{
    "model": "auth.permission",
    "pk": 23,
    "fields": {
        "name": "Can delete session",
        "content_type": 6,
        "codename": "delete_session"
    }
},
{
    "model": "auth.permission",
    "pk": 24,
    "fields": {
        "name": "Can view session",
        "content_type": 6,
        "codename": "view_session"
    }
},
{
    "model": "auth.permission",
    "pk": 25,
    "fields": {
        "name": "Can add destino",
        "content_type": 7,
        "codename": "add_destino"
    }
},
{
    "model": "auth.permission",
    "pk": 26,
    "fields": {
        "name": "Can change destino",
        "content_type": 7,
        "codename": "change_destino"
    }
},
{
    "model": "auth.permission",
    "pk": 27,
    "fields": {
        "name": "Can delete destino",
        "content_type": 7,
        "codename": "delete_destino"
    }
},
{
    "model": "auth.permission",
    "pk": 28,
    "fields": {
        "name": "Can view destino",
        "content_type": 7,
        "codename": "view_destino"
    }
},
{
    "model": "auth.permission",
    "pk": 29,
    "fields": {
        "name": "Can add extra",
        "content_type": 8,
        "codename": "add_extra"
    }
},
{
    "model": "auth.permission",
    "pk": 30,
    "fields": {
        "name": "Can change extra",
        "content_type": 8,
        "codename": "change_extra"
    }
},
{
    "model": "auth.permission",
    "pk": 31,
    "fields": {
        "name": "Can delete extra",
        "content_type": 8,
        "codename": "delete_extra"
    }
},
{
    "model": "auth.permission",
    "pk": 32,
    "fields": {
        "name": "Can view extra",
        "content_type": 8,
        "codename": "view_extra"
    }
},
{
    "model": "auth.permission",
    "pk": 33,
    "fields": {
        "name": "Can add pasaporte",
        "content_type": 9,
        "codename": "add_pasaporte"
    }
},
{
    "model": "auth.permission",
    "pk": 34,
    "fields": {
        "name": "Can change pasaporte",
        "content_type": 9,
        "codename": "change_pasaporte"
    }
},
{
    "model": "auth.permission",
    "pk": 35,
    "fields": {
        "name": "Can delete pasaporte",
        "content_type": 9,
        "codename": "delete_pasaporte"
    }
},
{
    "model": "auth.permission",
    "pk": 36,
    "fields": {
        "name": "Can view pasaporte",
        "content_type": 9,
        "codename": "view_pasaporte"
    }
},
{
    "model": "auth.permission",
    "pk": 37,
    "fields": {
        "name": "Can add reserva",
        "content_type": 10,
        "codename": "add_reserva"
    }
},
{
    "model": "auth.permission",
    "pk": 38,
    "fields": {
        "name": "Can change reserva",
        "content_type": 10,
        "codename": "change_reserva"
    }
},
{
    "model": "auth.permission",
    "pk": 39,
    "fields": {
        "name": "Can delete reserva",
        "content_type": 10,
        "codename": "delete_reserva"
    }
},
{
    "model": "auth.permission",
    "pk": 40,
    "fields": {
        "name": "Can view reserva",
        "content_type": 10,
        "codename": "view_reserva"
    }
},
{
    "model": "auth.permission",
    "pk": 41,
    "fields": {
        "name": "Can add usuario",
        "content_type": 11,
        "codename": "add_usuario"
    }
},
{
    "model": "auth.permission",
    "pk": 42,
    "fields": {
        "name": "Can change usuario",
        "content_type": 11,
        "codename": "change_usuario"
    }
},
{
    "model": "auth.permission",
    "pk": 43,
    "fields": {
        "name": "Can delete usuario",
        "content_type": 11,
        "codename": "delete_usuario"
    }
},
{
    "model": "auth.permission",
    "pk": 44,
    "fields": {
        "name": "Can view usuario",
        "content_type": 11,
        "codename": "view_usuario"
    }
},
{
    "model": "auth.permission",
    "pk": 45,
    "fields": {
        "name": "Can add alojamiento",
        "content_type": 12,
        "codename": "add_alojamiento"
    }
},
{
    "model": "auth.permission",
    "pk": 46,
    "fields": {
        "name": "Can change alojamiento",
        "content_type": 12,
        "codename": "change_alojamiento"
    }
},
{
    "model": "auth.permission",
    "pk": 47,
    "fields": {
        "name": "Can delete alojamiento",
        "content_type": 12,
        "codename": "delete_alojamiento"
    }
},
{
    "model": "auth.permission",
    "pk": 48,
    "fields": {
        "name": "Can view alojamiento",
        "content_type": 12,
        "codename": "view_alojamiento"
    }
},
{
    "model": "auth.permission",
    "pk": 49,
    "fields": {
        "name": "Can add promocion",
        "content_type": 13,
        "codename": "add_promocion"
    }
},
{
    "model": "auth.permission",
    "pk": 50,
    "fields": {
        "name": "Can change promocion",
        "content_type": 13,
        "codename": "change_promocion"
    }
},
{
    "model": "auth.permission",
    "pk": 51,
    "fields": {
        "name": "Can delete promocion",
        "content_type": 13,
        "codename": "delete_promocion"
    }
},
{
    "model": "auth.permission",
    "pk": 52,
    "fields": {
        "name": "Can view promocion",
        "content_type": 13,
        "codename": "view_promocion"
    }
},
{
    "model": "auth.permission",
    "pk": 53,
    "fields": {
        "name": "Can add factura",
        "content_type": 14,
        "codename": "add_factura"
    }
},
{
    "model": "auth.permission",
    "pk": 54,
    "fields": {
        "name": "Can change factura",
        "content_type": 14,
        "codename": "change_factura"
    }
},
{
    "model": "auth.permission",
    "pk": 55,
    "fields": {
        "name": "Can delete factura",
        "content_type": 14,
        "codename": "delete_factura"
    }
},
{
    "model": "auth.permission",
    "pk": 56,
    "fields": {
        "name": "Can view factura",
        "content_type": 14,
        "codename": "view_factura"
    }
},
{
    "model": "auth.permission",
    "pk": 57,
    "fields": {
        "name": "Can add extra reserva",
        "content_type": 15,
        "codename": "add_extrareserva"
    }
},
{
    "model": "auth.permission",
    "pk": 58,
    "fields": {
        "name": "Can change extra reserva",
        "content_type": 15,
        "codename": "change_extrareserva"
    }
},
{
    "model": "auth.permission",
    "pk": 59,
    "fields": {
        "name": "Can delete extra reserva",
        "content_type": 15,
        "codename": "delete_extrareserva"
    }
},
{
    "model": "auth.permission",
    "pk": 60,
    "fields": {
        "name": "Can view extra reserva",
        "content_type": 15,
        "codename": "view_extrareserva"
    }
},
{
    "model": "auth.permission",
    "pk": 61,
    "fields": {
        "name": "Can add transporte",
        "content_type": 16,
        "codename": "add_transporte"
    }
},
{
    "model": "auth.permission",
    "pk": 62,
    "fields": {
        "name": "Can change transporte",
        "content_type": 16,
        "codename": "change_transporte"
    }
},
{
    "model": "auth.permission",
    "pk": 63,
    "fields": {
        "name": "Can delete transporte",
        "content_type": 16,
        "codename": "delete_transporte"
    }
},
{
    "model": "auth.permission",
    "pk": 64,
    "fields": {
        "name": "Can view transporte",
        "content_type": 16,
        "codename": "view_transporte"
    }
},
{
    "model": "auth.permission",
    "pk": 65,
    "fields": {
        "name": "Can add comentario",
        "content_type": 17,
        "codename": "add_comentario"
    }
},
{
    "model": "auth.permission",
    "pk": 66,
    "fields": {
        "name": "Can change comentario",
        "content_type": 17,
        "codename": "change_comentario"
    }
},
{
    "model": "auth.permission",
    "pk": 67,
    "fields": {
        "name": "Can delete comentario",
        "content_type": 17,
        "codename": "delete_comentario"
    }
},
{
    "model": "auth.permission",
    "pk": 68,
    "fields": {
        "name": "Can view comentario",
        "content_type": 17,
        "codename": "view_comentario"
    }
},
{
    "model": "contenttypes.contenttype",
    "pk": 1,
    "fields": {
        "app_label": "admin",
        "model": "logentry"
    }
},
{
    "model": "contenttypes.contenttype",
    "pk": 2,
    "fields": {
        "app_label": "auth",
        "model": "permission"
    }
},
{
    "model": "contenttypes.contenttype",
    "pk": 3,
    "fields": {
        "app_label": "auth",
        "model": "group"
    }
},
{
    "model": "contenttypes.contenttype",
    "pk": 4,
    "fields": {
        "app_label": "auth",
        "model": "user"
    }
},
{
    "model": "contenttypes.contenttype",
    "pk": 5,
    "fields": {
        "app_label": "contenttypes",
        "model": "contenttype"
    }
},
{
    "model": "contenttypes.contenttype",
    "pk": 6,
    "fields": {
        "app_label": "sessions",
        "model": "session"
    }
},
{
    "model": "contenttypes.contenttype",
    "pk": 7,
    "fields": {
        "app_label": "viajes",
        "model": "destino"
    }
},
{
    "model": "contenttypes.contenttype",
    "pk": 8,
    "fields": {
        "app_label": "viajes",
        "model": "extra"
    }
},
{
    "model": "contenttypes.contenttype",
    "pk": 9,
    "fields": {
        "app_label": "viajes",
        "model": "pasaporte"
    }
},
{
    "model": "contenttypes.contenttype",
    "pk": 10,
    "fields": {
        "app_label": "viajes",
        "model": "reserva"
    }
},
{
    "model": "contenttypes.contenttype",
    "pk": 11,
    "fields": {
        "app_label": "viajes",
        "model": "usuario"
    }
},
{
    "model": "contenttypes.contenttype",
    "pk": 12,
    "fields": {
        "app_label": "viajes",
        "model": "alojamiento"
    }
},
{
    "model": "contenttypes.contenttype",
    "pk": 13,
    "fields": {
        "app_label": "viajes",
        "model": "promocion"
    }
},
{
    "model": "contenttypes.contenttype",
    "pk": 14,
    "fields": {
        "app_label": "viajes",
        "model": "factura"
    }
},
{
    "model": "contenttypes.contenttype",
    "pk": 15,
    "fields": {
        "app_label": "viajes",
        "model": "extrareserva"
    }
},
{
    "model": "contenttypes.contenttype",
    "pk": 16,
    "fields": {
        "app_label": "viajes",
        "model": "transporte"
    }
},
{
    "model": "contenttypes.contenttype",
    "pk": 17,
    "fields": {
        "app_label": "viajes",
        "model": "comentario"
    }
},
{
    "model": "viajes.usuario",
    "pk": 1,
    "fields": {
        "nombre": "Perhaps free look national some. Water real again head drive allow since. Pass once within a.\nInside nothing significant police senior sort. Natural church citizen force worry as too.",
        "correo": "anarivers@example.net",
        "telefono": "Because lot meet.",
        "edad": -30308,
        "contraseña": "Music form miss your real arm front. Commercial sure raise again check house people. Rather can owner interest.",
        "fecha_registro": "2024-10-06"
    }
},
{
    "model": "viajes.usuario",
    "pk": 2,
    "fields": {
        "nombre": "Camera out model. Feeling name report share. Number tree yard field probably respond.\nLaw gun own hot before. News throw although such among.",
        "correo": "blackholly@example.com",
        "telefono": "Material tonight.",
        "edad": -25071,
        "contraseña": "Another eat account either. Executive allow source material rise see group. Experience fast arrive low able maybe. Smile president determine stay enjoy.",
        "fecha_registro": "2002-06-18"
    }
},
{
    "model": "viajes.usuario",
    "pk": 3,
    "fields": {
        "nombre": "Happy look blood. Meet as deep send. Probably energy heart others outside lot art.\nNext practice member tax. Democratic add ability night pressure add.",
        "correo": "keygary@example.com",
        "telefono": "Environment try.",
        "edad": -14784,
        "contraseña": "War spring effort ball simply west. Entire same despite. Why range turn reduce young require.",
        "fecha_registro": "1976-02-08"
    }
},
{
    "model": "viajes.usuario",
    "pk": 4,
    "fields": {
        "nombre": "Between exactly new experience but. Answer available brother hair. Million between account seat win fund that.",
        "correo": "jennifer07@example.com",
        "telefono": "Risk marriage walk.",
        "edad": 7620,
        "contraseña": "Treat newspaper southern hope office young be. Game change difficult line question arrive. Program ground few shake do sit note.\nArrive before receive outside successful point hour.",
        "fecha_registro": "1993-10-21"
    }
},
{
    "model": "viajes.usuario",
    "pk": 5,
    "fields": {
        "nombre": "Standard bit tend anyone. Also art audience at only.\nWestern tend often the site newspaper. Drop everybody local turn five research two. Region hotel me especially thing decade.",
        "correo": "james17@example.com",
        "telefono": "Stand body learn.",
        "edad": -21454,
        "contraseña": "Order under bag own. Travel nothing nor. Agreement leave as field story cause.",
        "fecha_registro": "2015-05-11"
    }
},
{
    "model": "viajes.usuario",
    "pk": 6,
    "fields": {
        "nombre": "Increase pattern also five require center organization. Whole on draw note machine good. Season skill key near that would.",
        "correo": "kiddronnie@example.com",
        "telefono": "Pull or they sea.",
        "edad": -10214,
        "contraseña": "Machine later relate. Wall it one now attention thousand. Owner billion debate wall.\nWorry born personal game social life sing area. Glass become so sea Congress treatment institution.",
        "fecha_registro": "2012-09-10"
    }
},
{
    "model": "viajes.usuario",
    "pk": 7,
    "fields": {
        "nombre": "On rise use blue society. Choose economy style available million on democratic position.\nSeason business baby order meet own new.",
        "correo": "trios@example.net",
        "telefono": "There put easy.",
        "edad": 14844,
        "contraseña": "Back card north rest begin decide source. Floor media blue attention improve on there.\nLater sound woman political. Together city power great.",
        "fecha_registro": "2004-11-14"
    }
},
{
    "model": "viajes.usuario",
    "pk": 8,
    "fields": {
        "nombre": "Question full car participant. Several various plan across Mrs determine. Knowledge pull hand film into debate fine.",
        "correo": "eporter@example.com",
        "telefono": "Spring black former.",
        "edad": -7248,
        "contraseña": "Early catch child forget site us its. Others bag apply yes.\nNear away end live. Where local recently. Magazine agreement morning before control agency.",
        "fecha_registro": "1975-01-20"
    }
},
{
    "model": "viajes.usuario",
    "pk": 9,
    "fields": {
        "nombre": "Bar station career newspaper size mission. Stand improve especially garden. Organization control use major each back.",
        "correo": "dherrera@example.org",
        "telefono": "Movement feel.",
        "edad": 29815,
        "contraseña": "Professor sister sense voice coach face. Begin both again might form after begin drive. Job assume answer Congress music kid bed.",
        "fecha_registro": "1989-07-04"
    }
},
{
    "model": "viajes.usuario",
    "pk": 10,
    "fields": {
        "nombre": "Culture three enough simple detail commercial behavior see. Laugh apply finally everyone either study. Thousand century real water minute.\nTask land usually federal. Run successful doctor.",
        "correo": "xstephens@example.com",
        "telefono": "Development outside.",
        "edad": 13155,
        "contraseña": "Kid change building notice where against. Beat her third plant east star.\nIndividual then experience beyond light. Chair former while degree war.\nMember exist surface dinner in.",
        "fecha_registro": "1995-08-18"
    }
},
{
    "model": "viajes.usuario",
    "pk": 11,
    "fields": {
        "nombre": "Head Republican recently onto him method spend. Reason listen hold performance although stop. Number top hear.\nStation mission seek eye president Mrs magazine. Fine rule stuff big.",
        "correo": "pfoster@example.com",
        "telefono": "Responsibility with.",
        "edad": -3472,
        "contraseña": "Than feel already. Throw create enjoy somebody clear.\nDo positive forward structure party. Reduce air play we card. Beyond serve hair real along tonight find.",
        "fecha_registro": "2015-05-08"
    }
},
{
    "model": "viajes.usuario",
    "pk": 12,
    "fields": {
        "nombre": "Would friend sing want. Role three culture.\nMan treatment body actually. Author traditional benefit ten stock later believe herself. Do guy run should happy create admit.",
        "correo": "katherine22@example.net",
        "telefono": "Open boy walk.",
        "edad": -30439,
        "contraseña": "Involve perform treat however situation. Whatever social positive. Particular high buy beyond weight main modern. Apply democratic what identify nothing series.",
        "fecha_registro": "1985-02-20"
    }
},
{
    "model": "viajes.usuario",
    "pk": 13,
    "fields": {
        "nombre": "Together again seek teacher four finally hope. Central either position race. Sort collection look rate property education form.\nSend huge kind help. Material home somebody material road response.",
        "correo": "lisastewart@example.com",
        "telefono": "Box remain analysis.",
        "edad": -24398,
        "contraseña": "Threat you age test piece environment water. Art whatever I push hard risk. Collection trouble article out able nearly knowledge.",
        "fecha_registro": "2019-11-07"
    }
},
{
    "model": "viajes.usuario",
    "pk": 14,
    "fields": {
        "nombre": "Be risk my break. Him really term large provide. Husband analysis about choose water quickly wife.\nFocus leave her me would scene maybe. Seat evidence sense. Grow field model get stuff.",
        "correo": "chaneytodd@example.net",
        "telefono": "Inside class.",
        "edad": 27126,
        "contraseña": "Need case away property keep space attention. Still per glass resource rich.",
        "fecha_registro": "2020-02-22"
    }
},
{
    "model": "viajes.usuario",
    "pk": 15,
    "fields": {
        "nombre": "Instead officer eight here participant. It high discuss claim. Feel head quickly especially person.",
        "correo": "rosarioamber@example.com",
        "telefono": "Little class.",
        "edad": -3097,
        "contraseña": "Reveal white area argue perhaps far relationship. Treatment exist cause at.\nPick color both pass. Tend position what station yes live. Bad boy president common ago executive participant.",
        "fecha_registro": "1995-06-02"
    }
},
{
    "model": "viajes.usuario",
    "pk": 16,
    "fields": {
        "nombre": "Rich inside outside investment citizen national. Cup require cultural provide almost set. Since decision today exist art box however paper.\nWeight consider song remain.\nScene continue least.",
        "correo": "curtisadam@example.net",
        "telefono": "There necessary.",
        "edad": 4375,
        "contraseña": "Discover loss article hand imagine last. State each court religious.\nVisit a seem check.\nStand industry statement sign under eat growth plan. Send at information last.",
        "fecha_registro": "2017-05-14"
    }
},
{
    "model": "viajes.usuario",
    "pk": 17,
    "fields": {
        "nombre": "Community wear base turn career price would financial. Market leave your beyond receive social. Professional natural director collection. Go trouble my sport another successful.",
        "correo": "jacquelineaustin@example.org",
        "telefono": "Future man health.",
        "edad": -17964,
        "contraseña": "Yourself likely event future stay health. Know audience position several any box. Child piece speak do may music.",
        "fecha_registro": "1975-03-20"
    }
},
{
    "model": "viajes.usuario",
    "pk": 18,
    "fields": {
        "nombre": "Hear cold government soon. I pick buy pay attention because. Miss whose both relate year per need.",
        "correo": "michaeldavis@example.net",
        "telefono": "Dog lot modern.",
        "edad": 11090,
        "contraseña": "Well writer card upon animal he. Performance physical trial mention. Front Mrs modern current.",
        "fecha_registro": "2011-04-17"
    }
},
{
    "model": "viajes.usuario",
    "pk": 19,
    "fields": {
        "nombre": "Design box east which price a someone rich. His themselves article be nature subject.",
        "correo": "kristina45@example.com",
        "telefono": "Control phone.",
        "edad": 1451,
        "contraseña": "Cup card their what once contain treatment inside. Throw positive skin positive main responsibility good.\nReturn example who side now.",
        "fecha_registro": "2016-07-30"
    }
},
{
    "model": "viajes.usuario",
    "pk": 20,
    "fields": {
        "nombre": "On after but action himself clearly goal. For community form third economic.",
        "correo": "yzavala@example.net",
        "telefono": "Meeting allow safe.",
        "edad": 20462,
        "contraseña": "Represent continue body. The mention reduce how best citizen treatment hospital.\nPainting than blue your charge. Prove talk consumer event see manager anyone. Course finish message indeed car new.",
        "fecha_registro": "2023-02-16"
    }
},
{
    "model": "viajes.usuario",
    "pk": 21,
    "fields": {
        "nombre": "Note can rather television station event. Of area happen.\nMuch age nothing general store effect. Soldier blood special strong one.",
        "correo": "brandonbrowning@example.net",
        "telefono": "Language build.",
        "edad": -24689,
        "contraseña": "Leg American animal. Production democratic investment late large.\nDeep might never respond. One recent training pull his matter section through. Message sure however image.",
        "fecha_registro": "2005-12-12"
    }
},
{
    "model": "viajes.usuario",
    "pk": 22,
    "fields": {
        "nombre": "Support rise enjoy thank effect particularly. Wear watch black. Particularly hour star performance example growth light.\nComputer side choose certain. Look back form spring teach five.",
        "correo": "marissawright@example.com",
        "telefono": "Weight weight cup.",
        "edad": -26749,
        "contraseña": "Force anything view clearly senior. Different management whom politics scientist. Over career dream partner project exist situation.",
        "fecha_registro": "2011-09-30"
    }
},
{
    "model": "viajes.usuario",
    "pk": 23,
    "fields": {
        "nombre": "Away why security. Reflect particularly choice stock opportunity lead. Rather notice few main station.",
        "correo": "rchapman@example.net",
        "telefono": "Great take anything.",
        "edad": 32034,
        "contraseña": "Describe usually morning picture increase building. Leg exactly best. Professional keep whatever health race would camera base. Likely herself law top most assume new.",
        "fecha_registro": "1975-07-25"
    }
},
{
    "model": "viajes.usuario",
    "pk": 24,
    "fields": {
        "nombre": "Air wife financial. Short approach role successful later. Because difference than business perform keep drug.",
        "correo": "nealluke@example.net",
        "telefono": "Key early according.",
        "edad": 3397,
        "contraseña": "Kid fish able inside wear meet opportunity. Out smile mind consider professor smile. Long son bit difference hold.",
        "fecha_registro": "2024-02-26"
    }
},
{
    "model": "viajes.usuario",
    "pk": 25,
    "fields": {
        "nombre": "Art race make. To age visit Mrs run. Environmental nature former here.\nSignificant however perform charge artist think expert. Read coach open happen until trade lead.",
        "correo": "murphyalexis@example.net",
        "telefono": "Approach list.",
        "edad": -29435,
        "contraseña": "Occur talk chair challenge the size she. Lead themselves wide weight buy.\nValue win like property mouth prepare. Either other public project. Onto age top weight morning ready can.",
        "fecha_registro": "2012-07-05"
    }
},
{
    "model": "viajes.usuario",
    "pk": 26,
    "fields": {
        "nombre": "Heart national or suggest. Western once see.\nSome nation material me. Situation something charge. Contain Mr become lead.",
        "correo": "kennedychristopher@example.com",
        "telefono": "Along reflect under.",
        "edad": 11170,
        "contraseña": "Music camera so none carry economic production. Pick four long peace.\nLocal write talk. Series young city usually shake western rich. Want baby evidence organization thing.",
        "fecha_registro": "1998-12-28"
    }
},
{
    "model": "viajes.usuario",
    "pk": 27,
    "fields": {
        "nombre": "Law white product build chance. Majority decision room white tell situation administration wife. Talk fish he loss young trouble health.",
        "correo": "charles88@example.com",
        "telefono": "At garden nation.",
        "edad": -29781,
        "contraseña": "As the his man.\nFuture more structure kid apply. Budget large dinner reach.\nBoth chair everyone color. Listen character respond news. Old six almost method such.",
        "fecha_registro": "1983-11-06"
    }
},
{
    "model": "viajes.usuario",
    "pk": 28,
    "fields": {
        "nombre": "Quality senior challenge this.\nNight film best break trial spend. Reason easy best show most share. Detail miss fact.",
        "correo": "lgreen@example.org",
        "telefono": "Mind anyone book.",
        "edad": -25618,
        "contraseña": "Allow staff husband. Resource here focus successful.\nDog time decision low money strong happen. Of study style itself scientist physical sit.",
        "fecha_registro": "2017-10-15"
    }
},
{
    "model": "viajes.usuario",
    "pk": 29,
    "fields": {
        "nombre": "Even administration agent increase my address. Seek direction agreement inside such discussion concern. Forget wide someone bed her suggest want.\nIndustry gun easy. General wish every Mrs.",
        "correo": "pgraham@example.com",
        "telefono": "Five piece view.",
        "edad": -1187,
        "contraseña": "Career ever anything. Assume rate prove physical. Cup participant old great focus property.\nPerson model carry eight four act sometimes. Answer movie stay analysis.",
        "fecha_registro": "1981-06-21"
    }
},
{
    "model": "viajes.usuario",
    "pk": 30,
    "fields": {
        "nombre": "Television various environmental to unit. Field occur everything place.\nProduce project order his sign tree hot.",
        "correo": "margaret00@example.net",
        "telefono": "She create risk.",
        "edad": 17242,
        "contraseña": "Either administration case blood could to. Third owner seek people go. School either poor budget everyone person sign.",
        "fecha_registro": "2007-11-20"
    }
},
{
    "model": "viajes.destino",
    "pk": 1,
    "fields": {
        "nombre": "Soldier myself during responsibility hospital hour right. Kind anything far seat. Lead whom push side action explain.",
        "pais": "Machine box only mother exactly total break.",
        "descripcion": "Ahead prevent option accept whether.\nImportant executive structure professor. Scientist later until meeting hot.\nOil their bar none say according soldier. World produce sign make executive.",
        "popularidad": 0.17344726284366063
    }
},
{
    "model": "viajes.destino",
    "pk": 2,
    "fields": {
        "nombre": "Nearly he painting bed same. Ability college card answer from.\nRequire response clearly our. Area economy message feel. Lead away see well suffer call though.",
        "pais": "Floor her among.",
        "descripcion": "His policy want themselves. Ahead yourself level work among assume pass. Spring general support owner five street.",
        "popularidad": 0.565399038694462
    }
},
{
    "model": "viajes.destino",
    "pk": 3,
    "fields": {
        "nombre": "After station establish popular method. Whom matter drop course.",
        "pais": "Democratic magazine determine culture.",
        "descripcion": "Writer charge week first agency. Clearly finish must let keep information outside.\nEat difference whatever. Measure doctor window believe. Concern light model give behavior.",
        "popularidad": 0.16941840818385212
    }
},
{
    "model": "viajes.destino",
    "pk": 4,
    "fields": {
        "nombre": "Charge industry her large vote reduce. Both today same. Industry rise since kid. Well perhaps range.\nBeat rich wear child police force. Beat activity chance individual. Mr learn list strong.",
        "pais": "Small beat speak former real just.",
        "descripcion": "As difficult decade sign such left relationship rich.\nVery see thought. Compare wife staff recent nation.",
        "popularidad": 0.9274214141374338
    }
},
{
    "model": "viajes.destino",
    "pk": 5,
    "fields": {
        "nombre": "Child life his individual PM various past. Education south weight side modern. More agency blood available game.\nWindow idea wide go this. Woman hand two thing away.",
        "pais": "Official man maybe ten indeed term.",
        "descripcion": "Population finish former safe of week chair want. Commercial man difference.",
        "popularidad": 0.641868051103789
    }
},
{
    "model": "viajes.destino",
    "pk": 6,
    "fields": {
        "nombre": "Surface loss matter. Effect project machine. Prove natural PM.\nStop office use else study each lose. Close source mention throughout success.",
        "pais": "Maybe tax agreement.",
        "descripcion": "But produce face keep hair. Play at form.\nPolitics house among low middle sing school. Run successful reach serve.",
        "popularidad": 0.39118898584144246
    }
},
{
    "model": "viajes.destino",
    "pk": 7,
    "fields": {
        "nombre": "Move deep fish own. Wife Democrat try meet baby.\nDinner hundred production study something fear. Share by health population economy mother research. Determine onto democratic method out.",
        "pais": "Smile north campaign international similar.",
        "descripcion": "Business consumer suffer look thus market crime. List program box and. Improve pass tree address if heavy ask than. Well fish social store range sense almost.",
        "popularidad": 0.711475816743809
    }
},
{
    "model": "viajes.destino",
    "pk": 8,
    "fields": {
        "nombre": "Worry wish account among maintain generation. It leave strategy their between company. Design modern live executive available book outside.",
        "pais": "Civil clearly already win.",
        "descripcion": "Assume shake sense bring always. Also woman money without tax strong first. Tax western sing direction.\nRealize us plan find first low. Test avoid two nearly newspaper type.",
        "popularidad": 0.8293446240548386
    }
},
{
    "model": "viajes.destino",
    "pk": 9,
    "fields": {
        "nombre": "Three garden trade often western. Professor report watch prevent significant. Down may space guy answer effort ok. Single off as huge machine.",
        "pais": "Of big around shoulder pay.",
        "descripcion": "From chance detail large main.\nLate against benefit throughout suddenly establish discuss.",
        "popularidad": 0.5782106306751927
    }
},
{
    "model": "viajes.destino",
    "pk": 10,
    "fields": {
        "nombre": "Better rise physical specific score service. As recognize product rise wish attention determine. Source base if lose.\nTrue heart although interesting shoulder. Describe star hair tonight eight.",
        "pais": "Worker only identify pattern new.",
        "descripcion": "System discuss until cup. Rise year dinner stock site agree church.",
        "popularidad": 0.9857794262695456
    }
},
{
    "model": "viajes.destino",
    "pk": 11,
    "fields": {
        "nombre": "Part often church he eat.\nIdentify many meeting question health. Seat us soldier thousand rise. Deep morning pass onto old assume benefit.",
        "pais": "Any author resource not challenge most prepare.",
        "descripcion": "Rule street look rather well. Hold fact carry current speak bar season. Difference series within pressure share music.\nCamera world first pattern. Across goal girl small husband college sing.",
        "popularidad": 0.5139450255744792
    }
},
{
    "model": "viajes.destino",
    "pk": 12,
    "fields": {
        "nombre": "Room technology high dark. Himself natural security. Language different cause item turn maintain.\nHave certainly thousand begin reach different answer.",
        "pais": "Partner health son.",
        "descripcion": "Throughout condition practice break indicate here contain. Bank design yard movie building financial recently. Current number community life walk song quite. Future probably brother.",
        "popularidad": 0.23445001156552892
    }
},
{
    "model": "viajes.destino",
    "pk": 13,
    "fields": {
        "nombre": "Teach model heart. Garden line cold various. Time gun agency whose.\nFive administration north process. Institution believe stop your will skin wall. Them gas way minute recent.",
        "pais": "Very sure model despite. Work easy yard must.",
        "descripcion": "Four add expect shoulder program choice director hit. Impact executive new wonder here seat sense everyone.",
        "popularidad": 0.4408081151074361
    }
},
{
    "model": "viajes.destino",
    "pk": 14,
    "fields": {
        "nombre": "Full Congress enter he wind heart. Down start try position green those least man. Garden yes serious vote student. New campaign attack bed there magazine.",
        "pais": "Accept wish nearly class if.",
        "descripcion": "Call across plan try control. Ability card sound.\nCold require law structure through friend eat police. Feel church station whom.",
        "popularidad": 0.20758698235990125
    }
},
{
    "model": "viajes.destino",
    "pk": 15,
    "fields": {
        "nombre": "Until time either make area. Responsibility increase news movement church weight. Month sell think style give agree wall ground.",
        "pais": "Inside matter across economy security.",
        "descripcion": "Large decide town traditional industry rather. Us person baby claim. Wind build mission finish.\nThese born interest either. Common consider bring.",
        "popularidad": 0.6444746680278723
    }
},
{
    "model": "viajes.destino",
    "pk": 16,
    "fields": {
        "nombre": "Plan friend security less ability those month study.\nMajor American attention short. Tend our every positive.",
        "pais": "Own accept modern let spend.",
        "descripcion": "Whole technology you itself PM quite site. Serve account teacher picture what much provide statement.",
        "popularidad": 0.9794422617713757
    }
},
{
    "model": "viajes.destino",
    "pk": 17,
    "fields": {
        "nombre": "Agree national sing four add fight. Safe animal exist direction up four it.\nFew also information fear discussion report upon. Hotel since ability recognize care fear.",
        "pais": "Author than or hand old. Gun so old.",
        "descripcion": "Street nature product natural possible research. Stay security institution blue agent answer.\nPut imagine practice simply. Scientist seek hand forward clearly leg now whatever.",
        "popularidad": 0.029362296191749238
    }
},
{
    "model": "viajes.destino",
    "pk": 18,
    "fields": {
        "nombre": "Key your edge seat. Personal president ready case ball owner. This red man major vote health green.",
        "pais": "Despite mother might individual phone.",
        "descripcion": "Too nearly impact throw money instead organization. Notice president political send attorney. Effect now state back leg. Lose line on task travel product.",
        "popularidad": 0.35372703980325937
    }
},
{
    "model": "viajes.destino",
    "pk": 19,
    "fields": {
        "nombre": "Theory myself skin particular several ready her. Practice under major.\nGreen ball along growth part Republican sign. Already memory kid hear. Detail draw newspaper pattern.",
        "pais": "Window attack again seem page wind.",
        "descripcion": "World would trial. Accept what support production eat. Read one full.\nOffice member admit herself too method join. Day agree house several rule alone less.",
        "popularidad": 0.5504940723851892
    }
},
{
    "model": "viajes.destino",
    "pk": 20,
    "fields": {
        "nombre": "Management ten among likely. Foreign admit deal as prove peace.\nBuild gas cover environmental. Size interview college condition. Point marriage save enough pass trip charge action.",
        "pais": "Rich clearly red history.",
        "descripcion": "Affect you two southern leave voice president director. Affect expect these.",
        "popularidad": 0.09182637485822687
    }
},
{
    "model": "viajes.destino",
    "pk": 21,
    "fields": {
        "nombre": "Affect score paper land. Institution worker trial hundred while new.\nExample successful meet too drive three. Only author produce build.",
        "pais": "Line use gun he book.",
        "descripcion": "Be suffer food city feel feel.\nTurn measure leave major it.\nBusiness scene human fly appear. Take happen specific skin ever drive.",
        "popularidad": 0.34949083289399285
    }
},
{
    "model": "viajes.destino",
    "pk": 22,
    "fields": {
        "nombre": "Law low school possible ready. Magazine rate think miss central moment carry early.\nTend support able moment.",
        "pais": "Source thing already probably.",
        "descripcion": "Consider clearly three itself language. Value responsibility I professor simple. Cold continue large night.",
        "popularidad": 0.444865845714566
    }
},
{
    "model": "viajes.destino",
    "pk": 23,
    "fields": {
        "nombre": "Require hour loss red school. Total detail particularly decide notice much glass. Assume so west several beat everybody build.\nWhole option talk. Rise century despite thing drop art.",
        "pais": "Difference item special because glass.",
        "descripcion": "Challenge improve keep.\nFight notice including to. Road magazine song decision. Church face threat site.",
        "popularidad": 0.11776805256136613
    }
},
{
    "model": "viajes.destino",
    "pk": 24,
    "fields": {
        "nombre": "Southern listen management traditional good plan. Again expect science every not everything. Mother already know us.",
        "pais": "Western realize prepare see fund through.",
        "descripcion": "Main ago not water. High total thousand down can.\nMaintain affect evening. Song build example yet determine service thus behind.",
        "popularidad": 0.4212075655309503
    }
},
{
    "model": "viajes.destino",
    "pk": 25,
    "fields": {
        "nombre": "Officer provide yes point. Machine assume company full body fall. Form very sing about.",
        "pais": "Method agent wear condition next.",
        "descripcion": "Your country include them box do. Small then total response item agree method. They you character list enough.",
        "popularidad": 0.12091792016895053
    }
},
{
    "model": "viajes.destino",
    "pk": 26,
    "fields": {
        "nombre": "Surface red sign himself order quickly yes. Behind science choice product man too.\nAlso past page item writer have. Despite should several measure response thank television.",
        "pais": "Culture we about training.",
        "descripcion": "Recent fly art experience remember any ball. Foot far mean another decide.\nDeal whose best type wonder particularly Mrs. Modern watch last say very during detail. Significant player back eye.",
        "popularidad": 0.9577912117301528
    }
},
{
    "model": "viajes.destino",
    "pk": 27,
    "fields": {
        "nombre": "Wind wrong share middle point out. Father arm statement serve claim. Word mother film coach else role edge own.\nWorry as data bed major. Continue imagine behind season.",
        "pais": "Shoulder sell avoid heart people.",
        "descripcion": "To each share marriage beat soon occur. Animal mouth improve though college.\nSomebody forward central low myself. Sound guy heart Mr deal. Industry situation movie statement ever how.",
        "popularidad": 0.7605338952363915
    }
},
{
    "model": "viajes.destino",
    "pk": 28,
    "fields": {
        "nombre": "Fly rise gun contain. Understand manager federal without.",
        "pais": "Term number wide.",
        "descripcion": "Defense final research morning. Design lawyer part occur research.\nRecent language both guess. Much country learn front him. Address traditional require and prepare light.",
        "popularidad": 0.5628477423130072
    }
},
{
    "model": "viajes.destino",
    "pk": 29,
    "fields": {
        "nombre": "Way very major carry high. Police ground social sell.\nHowever source I. Very real Democrat. Cause entire reality.",
        "pais": "Interest road can alone his focus.",
        "descripcion": "Might improve audience. Drive before down lot couple site space.\nStrategy him team system. Certain usually together probably.",
        "popularidad": 0.7680473997829872
    }
},
{
    "model": "viajes.destino",
    "pk": 30,
    "fields": {
        "nombre": "Teach yet discover responsibility than throughout since. Town soldier away cold beyond human. Glass front focus dinner identify popular energy Republican.\nShare identify thing who computer final.",
        "pais": "Relate building again.",
        "descripcion": "Own military serious nature national must letter late. Push describe half. West difficult claim think which. South they partner.\nPeople many democratic case. State find save maybe part.",
        "popularidad": 0.412985011060787
    }
},
{
    "model": "viajes.reserva",
    "pk": 1,
    "fields": {
        "codigo_reserva": "Trip make upon.",
        "fecha_salida": "1972-04-20T11:12:08.280Z",
        "fecha_llegada": "2008-01-04T19:20:11.308Z",
        "numero_personas": 18084,
        "precio": "0.80",
        "usuario": 30
    }
},
{
    "model": "viajes.reserva",
    "pk": 2,
    "fields": {
        "codigo_reserva": "Class something.",
        "fecha_salida": "1984-04-10T08:51:58.702Z",
        "fecha_llegada": "1978-12-01T16:20:34.149Z",
        "numero_personas": 5252,
        "precio": "0.36",
        "usuario": 23
    }
},
{
    "model": "viajes.reserva",
    "pk": 3,
    "fields": {
        "codigo_reserva": "Feel local hand.",
        "fecha_salida": "2020-05-24T00:04:31.422Z",
        "fecha_llegada": "2014-01-03T14:26:52.238Z",
        "numero_personas": 7904,
        "precio": "0.96",
        "usuario": 26
    }
},
{
    "model": "viajes.reserva",
    "pk": 4,
    "fields": {
        "codigo_reserva": "Door local body.",
        "fecha_salida": "2002-03-17T15:49:32.549Z",
        "fecha_llegada": "1973-04-20T22:40:26.053Z",
        "numero_personas": 7271,
        "precio": "0.60",
        "usuario": 16
    }
},
{
    "model": "viajes.reserva",
    "pk": 5,
    "fields": {
        "codigo_reserva": "Pull crime protect.",
        "fecha_salida": "1986-09-15T09:15:21.413Z",
        "fecha_llegada": "2000-12-04T01:25:18.621Z",
        "numero_personas": 8474,
        "precio": "0.33",
        "usuario": 18
    }
},
{
    "model": "viajes.reserva",
    "pk": 6,
    "fields": {
        "codigo_reserva": "Radio federal.",
        "fecha_salida": "1981-04-17T03:44:16.022Z",
        "fecha_llegada": "2016-06-04T15:09:06.879Z",
        "numero_personas": 28796,
        "precio": "0.07",
        "usuario": 28
    }
},
{
    "model": "viajes.reserva",
    "pk": 7,
    "fields": {
        "codigo_reserva": "Real trouble.",
        "fecha_salida": "1981-01-11T00:33:23.046Z",
        "fecha_llegada": "1979-04-29T07:40:50.300Z",
        "numero_personas": 20296,
        "precio": "0.43",
        "usuario": 17
    }
},
{
    "model": "viajes.reserva",
    "pk": 8,
    "fields": {
        "codigo_reserva": "Although contain ok.",
        "fecha_salida": "1982-11-19T16:48:51.244Z",
        "fecha_llegada": "2024-06-19T21:46:34.524Z",
        "numero_personas": 19065,
        "precio": "0.26",
        "usuario": 24
    }
},
{
    "model": "viajes.reserva",
    "pk": 9,
    "fields": {
        "codigo_reserva": "Option radio series.",
        "fecha_salida": "2009-01-05T11:35:09.236Z",
        "fecha_llegada": "2009-07-18T23:50:58.126Z",
        "numero_personas": 4491,
        "precio": "0.37",
        "usuario": 21
    }
},
{
    "model": "viajes.reserva",
    "pk": 10,
    "fields": {
        "codigo_reserva": "Be research test or.",
        "fecha_salida": "2017-11-15T01:52:48.052Z",
        "fecha_llegada": "1971-05-01T12:28:09.510Z",
        "numero_personas": 25529,
        "precio": "0.44",
        "usuario": 19
    }
},
{
    "model": "viajes.reserva",
    "pk": 11,
    "fields": {
        "codigo_reserva": "Specific.",
        "fecha_salida": "1987-02-04T14:17:10.648Z",
        "fecha_llegada": "2006-03-15T05:28:50.873Z",
        "numero_personas": 29617,
        "precio": "0.16",
        "usuario": 20
    }
},
{
    "model": "viajes.reserva",
    "pk": 12,
    "fields": {
        "codigo_reserva": "Town modern space.",
        "fecha_salida": "2019-06-17T07:01:12.966Z",
        "fecha_llegada": "1999-10-06T12:18:53.251Z",
        "numero_personas": 12859,
        "precio": "0.38",
        "usuario": 29
    }
},
{
    "model": "viajes.reserva",
    "pk": 13,
    "fields": {
        "codigo_reserva": "Race stay economy.",
        "fecha_salida": "2011-07-24T07:14:21.080Z",
        "fecha_llegada": "2012-05-15T12:11:12.825Z",
        "numero_personas": 979,
        "precio": "0.27",
        "usuario": 25
    }
},
{
    "model": "viajes.reserva",
    "pk": 14,
    "fields": {
        "codigo_reserva": "Box last half.",
        "fecha_salida": "2009-10-08T09:46:07.685Z",
        "fecha_llegada": "2004-06-07T08:08:00.881Z",
        "numero_personas": 24074,
        "precio": "0.47",
        "usuario": 22
    }
},
{
    "model": "viajes.reserva",
    "pk": 15,
    "fields": {
        "codigo_reserva": "Question pull plant.",
        "fecha_salida": "1974-12-01T10:55:59.256Z",
        "fecha_llegada": "1992-09-30T01:36:39.238Z",
        "numero_personas": 16825,
        "precio": "0.46",
        "usuario": 27
    }
},
{
    "model": "viajes.comentario",
    "pk": 1,
    "fields": {
        "titulo": "Son board program story. Many pick suggest system.",
        "contenido": "Mention likely small TV raise. Far whose necessary pick well amount car.\nSystem provide those computer. Plan nothing attack successful director. Meet forget maintain enjoy. Agent to challenge.",
        "fecha_comentario": "1983-05-15T04:31:03.301Z",
        "calificacion": 0.5138232343904624,
        "usuario": 29
    }
},
{
    "model": "viajes.comentario",
    "pk": 2,
    "fields": {
        "titulo": "Network hand huge all natural many energy they.",
        "contenido": "Central painting again standard main force each other. Campaign number knowledge moment. Sound behind everybody movie degree responsibility as evidence. Chair opportunity opportunity again.",
        "fecha_comentario": "1991-05-06T19:18:02.848Z",
        "calificacion": 0.11723794900259588,
        "usuario": 27
    }
},
{
    "model": "viajes.comentario",
    "pk": 3,
    "fields": {
        "titulo": "Especially shake degree around white blood administration. Alone while available.",
        "contenido": "And newspaper benefit finish. Soon treatment friend until ahead necessary reveal.",
        "fecha_comentario": "2020-05-25T18:41:57.658Z",
        "calificacion": 0.6916965148089798,
        "usuario": 29
    }
},
{
    "model": "viajes.comentario",
    "pk": 4,
    "fields": {
        "titulo": "Ready career far call. Cup church possible near.",
        "contenido": "Chair look cover TV purpose require relate. Memory see product thing than carry.",
        "fecha_comentario": "2021-08-08T07:21:43.777Z",
        "calificacion": 0.4997745719547958,
        "usuario": 30
    }
},
{
    "model": "viajes.comentario",
    "pk": 5,
    "fields": {
        "titulo": "Hotel security participant building someone provide.",
        "contenido": "Say seek country main knowledge week thus send. Help watch school of simple without voice.\nCapital happen behavior leg. Nor shoulder remember thus impact.",
        "fecha_comentario": "1978-01-02T07:02:07.827Z",
        "calificacion": 0.784403364311524,
        "usuario": 19
    }
},
{
    "model": "viajes.comentario",
    "pk": 6,
    "fields": {
        "titulo": "Place man dream term. Where eat doctor rate result.",
        "contenido": "Garden company treatment both what parent. Share choice sort whose paper.\nHand behind wrong. Charge dog certainly even provide.",
        "fecha_comentario": "1995-05-07T17:40:40.778Z",
        "calificacion": 0.5318829488234997,
        "usuario": 19
    }
},
{
    "model": "viajes.comentario",
    "pk": 7,
    "fields": {
        "titulo": "Eye tax significant threat page. Research late end become want opportunity ok.",
        "contenido": "Dark represent than organization act travel everyone trial.\nHope fund movie process suffer media even already. Mention Mr prevent establish seek western.",
        "fecha_comentario": "2011-09-25T02:32:12.659Z",
        "calificacion": 0.18691935148248995,
        "usuario": 20
    }
},
{
    "model": "viajes.comentario",
    "pk": 8,
    "fields": {
        "titulo": "Situation stop affect professor person. Know difficult study east.",
        "contenido": "Beyond themselves wall continue. Nearly table foreign under. Make until eye need list.",
        "fecha_comentario": "2023-03-05T20:13:20.593Z",
        "calificacion": 0.9459787915148455,
        "usuario": 20
    }
},
{
    "model": "viajes.comentario",
    "pk": 9,
    "fields": {
        "titulo": "Wide write need fact. Gas week interest.",
        "contenido": "Seek fish sort loss theory suffer. Enjoy network window raise dog seat.",
        "fecha_comentario": "2002-11-15T13:53:05.064Z",
        "calificacion": 0.8693246845061211,
        "usuario": 17
    }
},
{
    "model": "viajes.comentario",
    "pk": 10,
    "fields": {
        "titulo": "Scientist stuff have forward market oil government.",
        "contenido": "Light cost year. Many against may rest reveal. Dream good up social senior PM wide.\nTop whatever kitchen goal read college. Red family there something. Manager peace concern number north.",
        "fecha_comentario": "2004-09-27T09:22:58.018Z",
        "calificacion": 0.4086939631900851,
        "usuario": 17
    }
},
{
    "model": "viajes.comentario",
    "pk": 11,
    "fields": {
        "titulo": "Interesting soon research. Ok lawyer north west. Then situation character book but street piece.",
        "contenido": "Whose low same others quickly purpose walk. Statement speak our some from ten whose. Gun American hair owner.",
        "fecha_comentario": "2009-07-12T23:20:06.063Z",
        "calificacion": 0.30708412099681237,
        "usuario": 25
    }
},
{
    "model": "viajes.comentario",
    "pk": 12,
    "fields": {
        "titulo": "Father Republican morning night.",
        "contenido": "Improve memory their list fund economy memory. National pay beat sign.\nPolice still similar small send recently. Event must order unit.",
        "fecha_comentario": "1986-01-31T11:04:28.193Z",
        "calificacion": 0.5183956516257209,
        "usuario": 23
    }
},
{
    "model": "viajes.comentario",
    "pk": 13,
    "fields": {
        "titulo": "Strong dog common once. Loss alone pull. Risk happen shake kitchen relationship.",
        "contenido": "Follow strong staff thank high. Office kid year key between modern generation ball.",
        "fecha_comentario": "1975-08-14T05:01:04.416Z",
        "calificacion": 0.33925143242305855,
        "usuario": 22
    }
},
{
    "model": "viajes.comentario",
    "pk": 14,
    "fields": {
        "titulo": "Her with up memory father above. Hit simply pretty exactly drop firm material.",
        "contenido": "Ground really arrive guy or mouth man. Health lead medical ever fire. Allow mind month wear one.",
        "fecha_comentario": "2001-04-13T13:51:22.015Z",
        "calificacion": 0.883654659169621,
        "usuario": 30
    }
},
{
    "model": "viajes.comentario",
    "pk": 15,
    "fields": {
        "titulo": "Floor power free energy big occur. Tv act box course man become. Record administration capital.",
        "contenido": "Rock social treat perhaps test never you. Mrs interest pull structure majority information. Subject budget such manage system material.\nBrother after lay never. How or will billion indicate.",
        "fecha_comentario": "1974-06-24T07:02:18.470Z",
        "calificacion": 0.9787007596343844,
        "usuario": 23
    }
},
{
    "model": "viajes.alojamiento",
    "pk": 1,
    "fields": {
        "nombre": "Day view several sea able. Establish gun project could let my.\nNation large newspaper. Air recent partner involve human.",
        "direccion": "State month save south office. Participant director case region. Old vote where recently bit. Travel it more design professional religious.",
        "capacidad": -20482,
        "tipo": "Something majority change sense.",
        "destino": 25,
        "reserva": 9
    }
},
{
    "model": "viajes.alojamiento",
    "pk": 2,
    "fields": {
        "nombre": "Few almost speak investment admit sound suffer. Write summer share admit must mind wait eat. For person certainly people truth officer.",
        "direccion": "Government different stand against listen admit.\nYet defense suffer quite available information. Action rule effect certain tend power.",
        "capacidad": -14523,
        "tipo": "During second from set even stage.",
        "destino": 25,
        "reserva": 9
    }
},
{
    "model": "viajes.alojamiento",
    "pk": 3,
    "fields": {
        "nombre": "Affect floor address keep poor. Account live truth guy assume.\nShake store well protect stage yourself. Space I actually and street dog structure.",
        "direccion": "Tell student year break remember minute my center. Stock brother agent. Energy responsibility rise true agency president rise. And security choice before ever clearly.",
        "capacidad": 27862,
        "tipo": "Tend writer low total friend same leader.",
        "destino": 25,
        "reserva": 11
    }
},
{
    "model": "viajes.alojamiento",
    "pk": 4,
    "fields": {
        "nombre": "Check seek difficult fall Mr interest loss cold. Tv company interest organization leader almost grow study.\nLeft smile less run. Everything common door purpose. Drive court at free civil.",
        "direccion": "Mind available for. Employee animal new anything trip. Perhaps radio usually family feeling leg southern friend.",
        "capacidad": 27559,
        "tipo": "Staff law other teach while benefit.",
        "destino": 17,
        "reserva": 15
    }
},
{
    "model": "viajes.alojamiento",
    "pk": 5,
    "fields": {
        "nombre": "Own reason sense kid business however government these. Process thousand note economy hundred grow.",
        "direccion": "Term unit agency from risk upon seek protect. Wonder technology property campaign since officer vote Mr. Study seven today stage clear on.\nMovement never yard feel.",
        "capacidad": 1761,
        "tipo": "Nice player wrong major view cup.",
        "destino": 19,
        "reserva": 11
    }
},
{
    "model": "viajes.alojamiento",
    "pk": 6,
    "fields": {
        "nombre": "Thousand teacher chair fast money career institution. Maybe expert entire finish resource.\nDrive senior team family look of. Newspaper later letter size. Lawyer price moment produce.",
        "direccion": "Lead early miss hot against writer. Mr happy production could fish. Including skill guy sense figure look. Long meeting certain thank international.",
        "capacidad": 2049,
        "tipo": "Eat than report put remain recent than.",
        "destino": 20,
        "reserva": 5
    }
},
{
    "model": "viajes.alojamiento",
    "pk": 7,
    "fields": {
        "nombre": "Common plant radio go question worry large protect. Spring find include there oil gas including.",
        "direccion": "Which site likely ever strong. Instead personal run final western.",
        "capacidad": 8377,
        "tipo": "Life side early community spring.",
        "destino": 19,
        "reserva": 8
    }
},
{
    "model": "viajes.alojamiento",
    "pk": 8,
    "fields": {
        "nombre": "Surface read beat hand minute. Sound focus ground through. Far item describe age describe half.\nDeep sometimes threat reveal trade production bad give. Against space majority building see.",
        "direccion": "Memory gas whatever parent. Week raise above then pull them.\nGuy off stand free attorney ability control. Citizen eight eye poor present woman.",
        "capacidad": 25152,
        "tipo": "Not apply camera.",
        "destino": 19,
        "reserva": 4
    }
},
{
    "model": "viajes.alojamiento",
    "pk": 9,
    "fields": {
        "nombre": "Foot position born think tree. Business respond page fire gas staff lawyer.\nAnything cover maintain bag news.",
        "direccion": "Standard make office tell hand news. Cause political budget safe yeah. Item nice ready thousand research me.",
        "capacidad": -4925,
        "tipo": "Glass return skin example piece race.",
        "destino": 27,
        "reserva": 2
    }
},
{
    "model": "viajes.alojamiento",
    "pk": 10,
    "fields": {
        "nombre": "Why report magazine admit practice base. System great will. Process above talk prove fight matter there fast.\nLead view outside have. Possible still part also.",
        "direccion": "Help church player same across now about. With capital nice decade.\nPut style test vote memory different indicate. Food role body everybody ten reality score. Impact president add movement anyone.",
        "capacidad": 13078,
        "tipo": "Four play once.",
        "destino": 26,
        "reserva": 4
    }
},
{
    "model": "viajes.alojamiento",
    "pk": 11,
    "fields": {
        "nombre": "One senior stop let serious different. City affect happy ever. Budget truth couple deal.",
        "direccion": "Agency support plan unit drug senior plan start. Food unit step book.\nEffect leg everything age star month. Say yes head.",
        "capacidad": -31462,
        "tipo": "Drop hit add hot. Common nature relate.",
        "destino": 20,
        "reserva": 14
    }
},
{
    "model": "viajes.alojamiento",
    "pk": 12,
    "fields": {
        "nombre": "Month herself kitchen thank. Rather join cold lawyer. Food to small discuss.\nImage what yet produce perform expert. High at simply those bank girl participant.",
        "direccion": "Attorney learn develop keep. Five music opportunity. Operation lay choose far shoulder admit party human.\nWithout your moment account either. Surface do case next represent.",
        "capacidad": -11583,
        "tipo": "Image appear then provide every.",
        "destino": 19,
        "reserva": 2
    }
},
{
    "model": "viajes.alojamiento",
    "pk": 13,
    "fields": {
        "nombre": "Agent see put knowledge score grow both. Computer have our agreement. He police green evening.\nAllow world do onto. Easy scene minute finish police. Level rich room chance method.",
        "direccion": "Deep young party until hope. Others test painting speech news.\nNone effort employee daughter hear left. Drive blood top exist. Feeling off example.",
        "capacidad": 13694,
        "tipo": "Generation arrive class black.",
        "destino": 18,
        "reserva": 13
    }
},
{
    "model": "viajes.alojamiento",
    "pk": 14,
    "fields": {
        "nombre": "Film might degree our magazine back.\nAvailable event fall him western all newspaper.\nHappy condition world else question follow. Three deal clear such stay move. Meeting take ask too then.",
        "direccion": "Possible article share. Example meeting unit national someone new put nor. Unit PM information firm focus catch.",
        "capacidad": 14280,
        "tipo": "Foreign amount commercial sit.",
        "destino": 21,
        "reserva": 2
    }
},
{
    "model": "viajes.alojamiento",
    "pk": 15,
    "fields": {
        "nombre": "Visit sit poor charge. Include could account much also citizen. Particularly a policy shake consider. Wrong most factor artist enough theory.",
        "direccion": "Evening grow party off management. Her subject Republican structure offer follow. Health girl however listen brother Mr. Wish until be what employee exactly.",
        "capacidad": -18204,
        "tipo": "Act policy music wife.",
        "destino": 30,
        "reserva": 3
    }
},
{
    "model": "viajes.extra",
    "pk": 1,
    "fields": {
        "nombre": "Red continue network sister good. Front individual million few mother contain its.",
        "tipo": "transporte",
        "descripcion": "Pass style use data detail represent identify. Little campaign data sign.\nSeat plan argue ahead provide law. Write ground federal.",
        "precio": "0.44"
    }
},
{
    "model": "viajes.extra",
    "pk": 2,
    "fields": {
        "nombre": "Face hope garden movie act. Maybe language when. The current involve tend but.",
        "tipo": "transporte",
        "descripcion": "Spring theory hear into hard usually lead.",
        "precio": "0.56"
    }
},
{
    "model": "viajes.extra",
    "pk": 3,
    "fields": {
        "nombre": "Certain option work hard tax best. Phone item yard beautiful fire Congress its daughter.",
        "tipo": "seguro",
        "descripcion": "Amount color cultural house change down each four. Arrive us woman next.\nIf brother protect. Skin matter sport could near town pretty. Bad season prevent Republican upon.",
        "precio": "0.81"
    }
},
{
    "model": "viajes.extra",
    "pk": 4,
    "fields": {
        "nombre": "Item concern spring bill machine half soldier. Bank somebody any thus. Home service matter.",
        "tipo": "comida",
        "descripcion": "Girl expert subject campaign price vote. Federal movie impact design wife left whose. Avoid employee sea perhaps.",
        "precio": "0.09"
    }
},
{
    "model": "viajes.extra",
    "pk": 5,
    "fields": {
        "nombre": "Recently late forward great build.",
        "tipo": "seguro",
        "descripcion": "Reach month job region. Study or near sea.\nFloor performance hundred. Table standard front again since.\nWin speech course resource. Whole difference serious firm.",
        "precio": "0.92"
    }
},
{
    "model": "viajes.extra",
    "pk": 6,
    "fields": {
        "nombre": "Pick seven court project. Institution opportunity window say.",
        "tipo": "comida",
        "descripcion": "Bill majority end. Give computer kind road measure necessary. Per reflect short rest he together always similar.",
        "precio": "0.47"
    }
},
{
    "model": "viajes.extra",
    "pk": 7,
    "fields": {
        "nombre": "Field official career manager. Concern rate enough final seek Republican.",
        "tipo": "comida",
        "descripcion": "Realize brother law last once. Add her without actually peace whether sound. Those page any catch medical parent worry.",
        "precio": "0.19"
    }
},
{
    "model": "viajes.extra",
    "pk": 8,
    "fields": {
        "nombre": "Visit hotel per approach. Including evidence book anyone. Let figure later physical prevent left.",
        "tipo": "guia",
        "descripcion": "Similar indeed Mrs.\nCareer line spend if girl idea. Tell beautiful different vote realize miss. You not style happy national people should.",
        "precio": "0.22"
    }
},
{
    "model": "viajes.extra",
    "pk": 9,
    "fields": {
        "nombre": "Car floor will risk. Writer at education about step. Believe even clear all break human.",
        "tipo": "guia",
        "descripcion": "Woman care military. Natural pay surface. Establish skill political everyone beat write worry. Nation defense amount try during pattern choice.",
        "precio": "0.90"
    }
},
{
    "model": "viajes.extra",
    "pk": 10,
    "fields": {
        "nombre": "Sell spend black project.",
        "tipo": "transporte",
        "descripcion": "Really shake ten then again. Why their issue range system mission field. Third interest wish.",
        "precio": "0.40"
    }
},
{
    "model": "viajes.extra",
    "pk": 11,
    "fields": {
        "nombre": "Thousand risk none fine middle knowledge. Represent effort music note pretty.",
        "tipo": "guia",
        "descripcion": "Exactly national final various score which actually walk. Focus near care cut event understand say. Consumer model officer truth.",
        "precio": "0.76"
    }
},
{
    "model": "viajes.extra",
    "pk": 12,
    "fields": {
        "nombre": "Forget grow suggest various. Together similar among begin.",
        "tipo": "guia",
        "descripcion": "Candidate prepare where admit five project author. Threat artist provide wish. Worry he easy it company support fire.\nAgain middle nice environmental wait another simple.",
        "precio": "0.34"
    }
},
{
    "model": "viajes.extra",
    "pk": 13,
    "fields": {
        "nombre": "Peace whom herself. Hour to pay every remember health finish.",
        "tipo": "comida",
        "descripcion": "Less heavy although tough whose whether land year. Deal another girl. Low gas not really finish whether.\nNever magazine available word billion wish. Understand various memory visit. Never small not.",
        "precio": "0.91"
    }
},
{
    "model": "viajes.extra",
    "pk": 14,
    "fields": {
        "nombre": "Prove daughter watch important blue population. Realize central step our.",
        "tipo": "seguro",
        "descripcion": "Money that food late participant remain performance. Rather official participant happy process sing.",
        "precio": "0.39"
    }
},
{
    "model": "viajes.extra",
    "pk": 15,
    "fields": {
        "nombre": "Similar present tonight boy visit side.",
        "tipo": "actividad",
        "descripcion": "Process far building property team sea food. Sing other receive relationship six citizen. Whatever machine wrong speak enough top little.",
        "precio": "0.22"
    }
},
{
    "model": "viajes.pasaporte",
    "pk": 1,
    "fields": {
        "numero": "Even agree cup hour just economic operation lose.",
        "fecha_emision": "2024-08-29",
        "fecha_expiracion": "1991-04-08",
        "nacionalidad": "Middle return than more."
    }
},
{
    "model": "viajes.pasaporte",
    "pk": 2,
    "fields": {
        "numero": "Still street never.",
        "fecha_emision": "1985-06-10",
        "fecha_expiracion": "2013-01-19",
        "nacionalidad": "Might rule report her."
    }
},
{
    "model": "viajes.pasaporte",
    "pk": 3,
    "fields": {
        "numero": "Bring say society heavy half.",
        "fecha_emision": "1982-04-01",
        "fecha_expiracion": "1990-10-25",
        "nacionalidad": "Politics you themselves vote conference amount."
    }
},
{
    "model": "viajes.pasaporte",
    "pk": 4,
    "fields": {
        "numero": "Describe chair tend watch bring.",
        "fecha_emision": "1987-01-27",
        "fecha_expiracion": "1977-07-18",
        "nacionalidad": "Area move kid maintain for point in."
    }
},
{
    "model": "viajes.pasaporte",
    "pk": 5,
    "fields": {
        "numero": "Political work then fly significant.",
        "fecha_emision": "1990-02-03",
        "fecha_expiracion": "1978-02-08",
        "nacionalidad": "When explain boy interview morning."
    }
},
{
    "model": "viajes.pasaporte",
    "pk": 6,
    "fields": {
        "numero": "Democrat anyone nor industry act.",
        "fecha_emision": "1977-02-18",
        "fecha_expiracion": "1996-09-22",
        "nacionalidad": "Possible those become rock."
    }
},
{
    "model": "viajes.pasaporte",
    "pk": 7,
    "fields": {
        "numero": "Support ground positive simply assume nothing.",
        "fecha_emision": "2024-01-25",
        "fecha_expiracion": "1977-07-10",
        "nacionalidad": "Street write member animal we."
    }
},
{
    "model": "viajes.pasaporte",
    "pk": 8,
    "fields": {
        "numero": "Matter live character anyone fear outside draw.",
        "fecha_emision": "2012-08-14",
        "fecha_expiracion": "1996-04-04",
        "nacionalidad": "Sing everybody reason coach."
    }
},
{
    "model": "viajes.pasaporte",
    "pk": 9,
    "fields": {
        "numero": "Couple ball state different.",
        "fecha_emision": "1988-09-15",
        "fecha_expiracion": "2006-01-28",
        "nacionalidad": "Prevent voice west shoulder discussion other."
    }
},
{
    "model": "viajes.pasaporte",
    "pk": 10,
    "fields": {
        "numero": "Choose eat really responsibility clear sure son.",
        "fecha_emision": "1980-06-03",
        "fecha_expiracion": "2016-12-09",
        "nacionalidad": "Culture minute movie natural board."
    }
},
{
    "model": "viajes.pasaporte",
    "pk": 11,
    "fields": {
        "numero": "Yet magazine but listen member together.",
        "fecha_emision": "2005-01-19",
        "fecha_expiracion": "2004-05-18",
        "nacionalidad": "Leg continue building voice ball."
    }
},
{
    "model": "viajes.pasaporte",
    "pk": 12,
    "fields": {
        "numero": "Generation decade position form.",
        "fecha_emision": "2012-08-14",
        "fecha_expiracion": "2004-01-03",
        "nacionalidad": "Full space wish fall north be range."
    }
},
{
    "model": "viajes.pasaporte",
    "pk": 13,
    "fields": {
        "numero": "Activity mean role.",
        "fecha_emision": "2007-06-19",
        "fecha_expiracion": "1980-10-03",
        "nacionalidad": "Wide personal ability data."
    }
},
{
    "model": "viajes.pasaporte",
    "pk": 14,
    "fields": {
        "numero": "Program hit police now. Enough practice old.",
        "fecha_emision": "1986-05-06",
        "fecha_expiracion": "1994-07-02",
        "nacionalidad": "Start size bar role. Everything decide same find."
    }
},
{
    "model": "viajes.pasaporte",
    "pk": 15,
    "fields": {
        "numero": "Few still market police.",
        "fecha_emision": "1980-05-09",
        "fecha_expiracion": "1989-12-17",
        "nacionalidad": "Seem difficult figure parent another court."
    }
},
{
    "model": "viajes.pasaporte",
    "pk": 16,
    "fields": {
        "numero": "Work common energy smile especially relate word.",
        "fecha_emision": "1972-07-31",
        "fecha_expiracion": "2011-09-03",
        "nacionalidad": "Opportunity fire put explain offer."
    }
},
{
    "model": "viajes.pasaporte",
    "pk": 17,
    "fields": {
        "numero": "Home treat operation fine to grow remain.",
        "fecha_emision": "1979-01-31",
        "fecha_expiracion": "2019-09-20",
        "nacionalidad": "Beautiful movie serve individual institution."
    }
},
{
    "model": "viajes.pasaporte",
    "pk": 18,
    "fields": {
        "numero": "Player talk phone ever popular serious million.",
        "fecha_emision": "1987-06-11",
        "fecha_expiracion": "1988-07-01",
        "nacionalidad": "Reach foot pay."
    }
},
{
    "model": "viajes.pasaporte",
    "pk": 19,
    "fields": {
        "numero": "Table involve position yard fund course.",
        "fecha_emision": "2018-05-13",
        "fecha_expiracion": "2006-07-08",
        "nacionalidad": "Gas program shake make seek nice available."
    }
},
{
    "model": "viajes.pasaporte",
    "pk": 20,
    "fields": {
        "numero": "Cause as travel charge offer put.",
        "fecha_emision": "2009-04-03",
        "fecha_expiracion": "1970-08-04",
        "nacionalidad": "Range reflect growth."
    }
},
{
    "model": "viajes.pasaporte",
    "pk": 21,
    "fields": {
        "numero": "Against bad account prepare fear eat under draw.",
        "fecha_emision": "1991-10-08",
        "fecha_expiracion": "2009-04-19",
        "nacionalidad": "Authority unit property tell mother him their."
    }
},
{
    "model": "viajes.pasaporte",
    "pk": 22,
    "fields": {
        "numero": "Myself law special.",
        "fecha_emision": "1997-03-05",
        "fecha_expiracion": "2008-03-04",
        "nacionalidad": "What identify together season serve soon."
    }
},
{
    "model": "viajes.pasaporte",
    "pk": 23,
    "fields": {
        "numero": "But benefit main new pull.",
        "fecha_emision": "1979-10-24",
        "fecha_expiracion": "1988-10-07",
        "nacionalidad": "Determine book for bar discuss."
    }
},
{
    "model": "viajes.pasaporte",
    "pk": 24,
    "fields": {
        "numero": "Defense box shoulder its top feeling use place.",
        "fecha_emision": "2007-10-25",
        "fecha_expiracion": "1995-02-03",
        "nacionalidad": "Individual care meet I we."
    }
},
{
    "model": "viajes.pasaporte",
    "pk": 25,
    "fields": {
        "numero": "Bad figure deep small. Wish happen what share.",
        "fecha_emision": "2006-06-14",
        "fecha_expiracion": "2020-03-25",
        "nacionalidad": "Explain recent seven spend."
    }
},
{
    "model": "viajes.pasaporte",
    "pk": 26,
    "fields": {
        "numero": "They buy pick reveal affect.",
        "fecha_emision": "1997-11-28",
        "fecha_expiracion": "1983-04-12",
        "nacionalidad": "Head dinner stock pass."
    }
},
{
    "model": "viajes.pasaporte",
    "pk": 27,
    "fields": {
        "numero": "Director voice another the system return only.",
        "fecha_emision": "1979-04-11",
        "fecha_expiracion": "2006-06-23",
        "nacionalidad": "Woman grow six suggest near account."
    }
},
{
    "model": "viajes.pasaporte",
    "pk": 28,
    "fields": {
        "numero": "Debate fire require toward certainly.",
        "fecha_emision": "2002-11-22",
        "fecha_expiracion": "1975-04-01",
        "nacionalidad": "Agency parent teach performance."
    }
},
{
    "model": "viajes.pasaporte",
    "pk": 29,
    "fields": {
        "numero": "One wrong deal agreement.",
        "fecha_emision": "2019-08-20",
        "fecha_expiracion": "1979-05-19",
        "nacionalidad": "White car set system."
    }
},
{
    "model": "viajes.pasaporte",
    "pk": 30,
    "fields": {
        "numero": "Then of final. News name boy.",
        "fecha_emision": "2007-04-28",
        "fecha_expiracion": "1988-04-29",
        "nacionalidad": "His sing each look save."
    }
},
{
    "model": "viajes.transporte",
    "pk": 1,
    "fields": {
        "tipo": "Tax positive base former catch.",
        "capacidad": 15357,
        "disponible": true,
        "costo_por_persona": "0.75",
        "destino": [
            19,
            24,
            25,
            27
        ]
    }
},
{
    "model": "viajes.transporte",
    "pk": 2,
    "fields": {
        "tipo": "Theory soon agent recognize write new attack.",
        "capacidad": 15103,
        "disponible": true,
        "costo_por_persona": "0.58",
        "destino": [
            16,
            27
        ]
    }
},
{
    "model": "viajes.transporte",
    "pk": 3,
    "fields": {
        "tipo": "Audience continue them able garden management.",
        "capacidad": 4399,
        "disponible": true,
        "costo_por_persona": "0.78",
        "destino": [
            22,
            27
        ]
    }
},
{
    "model": "viajes.transporte",
    "pk": 4,
    "fields": {
        "tipo": "Far hair including note.",
        "capacidad": 8207,
        "disponible": true,
        "costo_por_persona": "0.56",
        "destino": [
            17,
            22,
            28,
            30
        ]
    }
},
{
    "model": "viajes.transporte",
    "pk": 5,
    "fields": {
        "tipo": "Region perform they protect among.",
        "capacidad": 6823,
        "disponible": true,
        "costo_por_persona": "0.27",
        "destino": [
            18,
            30
        ]
    }
},
{
    "model": "viajes.transporte",
    "pk": 6,
    "fields": {
        "tipo": "Necessary various performance force.",
        "capacidad": 31180,
        "disponible": true,
        "costo_por_persona": "0.53",
        "destino": [
            18,
            29
        ]
    }
},
{
    "model": "viajes.transporte",
    "pk": 7,
    "fields": {
        "tipo": "Case another wear line rock mind true whole.",
        "capacidad": 24969,
        "disponible": true,
        "costo_por_persona": "0.52",
        "destino": [
            23,
            25,
            30
        ]
    }
},
{
    "model": "viajes.transporte",
    "pk": 8,
    "fields": {
        "tipo": "High maybe might national word.",
        "capacidad": 23488,
        "disponible": true,
        "costo_por_persona": "0.87",
        "destino": [
            16,
            26
        ]
    }
},
{
    "model": "viajes.transporte",
    "pk": 9,
    "fields": {
        "tipo": "Yes how role wide fear report general.",
        "capacidad": 19630,
        "disponible": true,
        "costo_por_persona": "0.11",
        "destino": [
            23,
            28
        ]
    }
},
{
    "model": "viajes.transporte",
    "pk": 10,
    "fields": {
        "tipo": "War name leave kid science material challenge.",
        "capacidad": 601,
        "disponible": true,
        "costo_por_persona": "0.07",
        "destino": [
            19,
            23
        ]
    }
},
{
    "model": "viajes.transporte",
    "pk": 11,
    "fields": {
        "tipo": "Put group voice mother physical sense seat.",
        "capacidad": 18101,
        "disponible": true,
        "costo_por_persona": "0.96",
        "destino": [
            17,
            22,
            30
        ]
    }
},
{
    "model": "viajes.transporte",
    "pk": 12,
    "fields": {
        "tipo": "Great now cost check scene loss.",
        "capacidad": 16971,
        "disponible": true,
        "costo_por_persona": "0.15",
        "destino": [
            16,
            19,
            24
        ]
    }
},
{
    "model": "viajes.transporte",
    "pk": 13,
    "fields": {
        "tipo": "Someone ok since along.",
        "capacidad": 31760,
        "disponible": true,
        "costo_por_persona": "0.41",
        "destino": [
            20,
            24
        ]
    }
},
{
    "model": "viajes.transporte",
    "pk": 14,
    "fields": {
        "tipo": "News believe fact anyone.",
        "capacidad": 17826,
        "disponible": true,
        "costo_por_persona": "0.96",
        "destino": [
            22,
            27
        ]
    }
},
{
    "model": "viajes.transporte",
    "pk": 15,
    "fields": {
        "tipo": "Night put key particularly life.",
        "capacidad": 31449,
        "disponible": true,
        "costo_por_persona": "0.86",
        "destino": [
            21,
            23,
            28
        ]
    }
},
{
    "model": "viajes.promocion",
    "pk": 1,
    "fields": {
        "nombre": "Discussion third whether building upon bad. Poor detail expect community.",
        "descripcion": "President chance live spring professor. Up top according education tree. North body all.\nAttack space list method exist. Material begin stay how our. Yeah walk next degree training common.",
        "descuento_porcentaje": 0.7067779985753422,
        "fecha_inicio": "1992-02-23",
        "fecha_fin": "1994-02-12",
        "activo": true,
        "alojamiento": 3,
        "destino": [
            20,
            22,
            23
        ]
    }
},
{
    "model": "viajes.promocion",
    "pk": 2,
    "fields": {
        "nombre": "Half religious them picture be draw.",
        "descripcion": "Tax whether work very growth education.\nGreen them detail benefit. Charge position hair discover with meeting.",
        "descuento_porcentaje": 0.23375347461656482,
        "fecha_inicio": "1971-12-15",
        "fecha_fin": "1978-05-22",
        "activo": true,
        "alojamiento": 10,
        "destino": [
            22,
            24,
            25,
            30
        ]
    }
},
{
    "model": "viajes.promocion",
    "pk": 3,
    "fields": {
        "nombre": "Relate southern argue inside site. Hundred price democratic standard interview author among.",
        "descripcion": "Look word manager someone seem picture center. Old street final. Phone name water fish health.",
        "descuento_porcentaje": 0.21991545381858546,
        "fecha_inicio": "2002-06-26",
        "fecha_fin": "2014-11-24",
        "activo": true,
        "alojamiento": 4,
        "destino": [
            22,
            23
        ]
    }
},
{
    "model": "viajes.promocion",
    "pk": 4,
    "fields": {
        "nombre": "Medical industry several scientist number all thank new. Throughout most relate a across.",
        "descripcion": "Tend what product fund according worry. Week base whom future.\nSong style first item stay a effect.\nStructure two key. Face view travel environment whose heavy need fall.",
        "descuento_porcentaje": 0.06739409692622866,
        "fecha_inicio": "1987-04-19",
        "fecha_fin": "2006-02-27",
        "activo": true,
        "alojamiento": 14,
        "destino": [
            17,
            20
        ]
    }
},
{
    "model": "viajes.promocion",
    "pk": 5,
    "fields": {
        "nombre": "Significant art manage high practice. Example relationship fill decision.",
        "descripcion": "General western figure fill. Reason surface deep hour wish stage.",
        "descuento_porcentaje": 0.5169374904112665,
        "fecha_inicio": "2019-09-15",
        "fecha_fin": "1986-03-17",
        "activo": true,
        "alojamiento": 15,
        "destino": [
            16,
            26,
            27
        ]
    }
},
{
    "model": "viajes.promocion",
    "pk": 6,
    "fields": {
        "nombre": "Tv build less eye address life election. Real behind edge outside Mrs foreign future.",
        "descripcion": "Present city fast leave everyone six beyond. Language able be radio site system clear.\nTerm join feel along art news. Where class former there job. Just small who idea crime become.",
        "descuento_porcentaje": 0.6555188323496762,
        "fecha_inicio": "2023-02-10",
        "fecha_fin": "1971-11-12",
        "activo": true,
        "alojamiento": 11,
        "destino": [
            18,
            24,
            26,
            27
        ]
    }
},
{
    "model": "viajes.promocion",
    "pk": 7,
    "fields": {
        "nombre": "Institution away region current poor. Interesting contain friend appear left build bank.",
        "descripcion": "Smile child I international. Have church arm six.\nHalf people song money somebody worry. School itself couple wait.",
        "descuento_porcentaje": 0.25526766493025954,
        "fecha_inicio": "2022-09-12",
        "fecha_fin": "1972-01-01",
        "activo": true,
        "alojamiento": 2,
        "destino": [
            22,
            28
        ]
    }
},
{
    "model": "viajes.promocion",
    "pk": 8,
    "fields": {
        "nombre": "Price onto study learn easy. Thousand miss artist hard responsibility teacher if.",
        "descripcion": "Scientist contain pressure teach rise nearly available parent. Down civil trouble account feeling wall like. Middle every guess successful rich risk write. Leg plan collection section happy teacher.",
        "descuento_porcentaje": 0.849754917866965,
        "fecha_inicio": "2005-05-31",
        "fecha_fin": "1999-06-17",
        "activo": true,
        "alojamiento": 5,
        "destino": [
            23,
            26,
            29
        ]
    }
},
{
    "model": "viajes.promocion",
    "pk": 9,
    "fields": {
        "nombre": "Two end example to cell reveal. East land best guy.",
        "descripcion": "Food somebody improve early. Per author edge produce product region ask remain.\nWe town relate well authority government. Interesting away apply word both once.",
        "descuento_porcentaje": 0.03283901204193418,
        "fecha_inicio": "1988-11-16",
        "fecha_fin": "1973-09-25",
        "activo": true,
        "alojamiento": 9,
        "destino": [
            16,
            26
        ]
    }
},
{
    "model": "viajes.promocion",
    "pk": 10,
    "fields": {
        "nombre": "Author safe peace. Could western owner. Section personal also.",
        "descripcion": "Management enjoy through provide across rather. Few both degree.\nLaugh address human top suffer defense. Free eye heavy it threat best long. Sure with me be play.",
        "descuento_porcentaje": 0.8152126187014838,
        "fecha_inicio": "1988-12-09",
        "fecha_fin": "2009-05-20",
        "activo": true,
        "alojamiento": 8,
        "destino": [
            19
        ]
    }
},
{
    "model": "viajes.promocion",
    "pk": 11,
    "fields": {
        "nombre": "Story big movement build could board main. Various mouth adult take politics building catch.",
        "descripcion": "Computer material hospital administration eight few gas action. White agent deep on hour.",
        "descuento_porcentaje": 0.13316244756189566,
        "fecha_inicio": "1992-07-20",
        "fecha_fin": "2001-01-06",
        "activo": true,
        "alojamiento": 7,
        "destino": [
            17,
            26,
            30
        ]
    }
},
{
    "model": "viajes.promocion",
    "pk": 12,
    "fields": {
        "nombre": "Family drug listen.\nHot population time part be. View baby bring line kind whatever.",
        "descripcion": "Change always inside table. Lead should six program when.\nModel else green hand government blue trade finally. Answer often them between her house. Eat believe staff face early.",
        "descuento_porcentaje": 0.8738913812958052,
        "fecha_inicio": "1983-12-06",
        "fecha_fin": "1985-11-07",
        "activo": true,
        "alojamiento": 13,
        "destino": [
            16,
            18,
            26
        ]
    }
},
{
    "model": "viajes.promocion",
    "pk": 13,
    "fields": {
        "nombre": "Rest cup theory agreement measure. Skill establish still share box anyone goal agreement.",
        "descripcion": "Lose particular huge hear room. Next shake case through artist before its.\nAlready team certainly happy book foreign effect situation. Everyone seven eight.\nAgo send plant often effort enough.",
        "descuento_porcentaje": 0.64192655132102,
        "fecha_inicio": "2009-11-26",
        "fecha_fin": "2008-10-22",
        "activo": true,
        "alojamiento": 1,
        "destino": [
            16,
            26,
            28
        ]
    }
},
{
    "model": "viajes.promocion",
    "pk": 14,
    "fields": {
        "nombre": "Practice them follow. Few stop fly inside value beat.",
        "descripcion": "During popular nice system they reflect. Husband apply on. Fight catch hotel only.\nScience artist through receive feeling field example. Wonder hot condition about.",
        "descuento_porcentaje": 0.26589752805973876,
        "fecha_inicio": "1974-03-12",
        "fecha_fin": "2010-01-20",
        "activo": true,
        "alojamiento": 6,
        "destino": [
            18,
            20,
            25,
            28
        ]
    }
},
{
    "model": "viajes.promocion",
    "pk": 15,
    "fields": {
        "nombre": "Third ok thing national. Hour small break or four choose. Such speech bar reflect.",
        "descripcion": "Study knowledge news husband know. Country upon history lose along close day. Interest effort final attack respond couple.\nHis spend hope allow hair also church. Way executive recently them behind.",
        "descuento_porcentaje": 0.7581917876325721,
        "fecha_inicio": "1973-06-18",
        "fecha_fin": "1972-10-11",
        "activo": true,
        "alojamiento": 12,
        "destino": [
            22,
            25,
            28
        ]
    }
},
{
    "model": "viajes.factura",
    "pk": 1,
    "fields": {
        "numero_factura": "Manager difference.",
        "fecha_emision": "1979-07-17",
        "coste": "0.75",
        "metodo_pago": "Transferencia",
        "reserva": 8
    }
},
{
    "model": "viajes.factura",
    "pk": 2,
    "fields": {
        "numero_factura": "Entire white social.",
        "fecha_emision": "1992-03-30",
        "coste": "0.93",
        "metodo_pago": "Tarjeta",
        "reserva": 7
    }
},
{
    "model": "viajes.factura",
    "pk": 3,
    "fields": {
        "numero_factura": "Line among think.",
        "fecha_emision": "2000-05-17",
        "coste": "0.57",
        "metodo_pago": "Transferencia",
        "reserva": 11
    }
},
{
    "model": "viajes.factura",
    "pk": 4,
    "fields": {
        "numero_factura": "Past window who.",
        "fecha_emision": "1982-11-10",
        "coste": "0.25",
        "metodo_pago": "Transferencia",
        "reserva": 13
    }
},
{
    "model": "viajes.factura",
    "pk": 5,
    "fields": {
        "numero_factura": "Until above lay lay.",
        "fecha_emision": "2015-01-09",
        "coste": "0.51",
        "metodo_pago": "Tarjeta",
        "reserva": 2
    }
},
{
    "model": "viajes.factura",
    "pk": 6,
    "fields": {
        "numero_factura": "Entire old car.",
        "fecha_emision": "2015-07-03",
        "coste": "0.87",
        "metodo_pago": "Efectivo",
        "reserva": 10
    }
},
{
    "model": "viajes.factura",
    "pk": 7,
    "fields": {
        "numero_factura": "Experience ago.",
        "fecha_emision": "2008-10-21",
        "coste": "0.38",
        "metodo_pago": "Tarjeta",
        "reserva": 5
    }
},
{
    "model": "viajes.factura",
    "pk": 8,
    "fields": {
        "numero_factura": "Theory ten seek.",
        "fecha_emision": "1978-05-18",
        "coste": "0.14",
        "metodo_pago": "Transferencia",
        "reserva": 3
    }
},
{
    "model": "viajes.factura",
    "pk": 9,
    "fields": {
        "numero_factura": "Edge prepare.",
        "fecha_emision": "1970-05-22",
        "coste": "0.92",
        "metodo_pago": "Efectivo",
        "reserva": 4
    }
},
{
    "model": "viajes.factura",
    "pk": 10,
    "fields": {
        "numero_factura": "Feel fund coach.",
        "fecha_emision": "2004-07-04",
        "coste": "0.27",
        "metodo_pago": "Efectivo",
        "reserva": 12
    }
},
{
    "model": "viajes.factura",
    "pk": 11,
    "fields": {
        "numero_factura": "Writer approach.",
        "fecha_emision": "1989-10-28",
        "coste": "0.40",
        "metodo_pago": "Tarjeta",
        "reserva": 1
    }
},
{
    "model": "viajes.factura",
    "pk": 12,
    "fields": {
        "numero_factura": "Low office spend.",
        "fecha_emision": "1987-06-17",
        "coste": "0.99",
        "metodo_pago": "Tarjeta",
        "reserva": 15
    }
},
{
    "model": "viajes.factura",
    "pk": 13,
    "fields": {
        "numero_factura": "Finish suggest.",
        "fecha_emision": "1994-11-11",
        "coste": "0.32",
        "metodo_pago": "Tarjeta",
        "reserva": 14
    }
},
{
    "model": "viajes.factura",
    "pk": 14,
    "fields": {
        "numero_factura": "Speech per over.",
        "fecha_emision": "2013-08-21",
        "coste": "0.39",
        "metodo_pago": "Efectivo",
        "reserva": 6
    }
},
{
    "model": "viajes.factura",
    "pk": 15,
    "fields": {
        "numero_factura": "Medical hit dark.",
        "fecha_emision": "2007-09-21",
        "coste": "0.72",
        "metodo_pago": "Efectivo",
        "reserva": 9
    }
},
{
    "model": "viajes.extrareserva",
    "pk": 1,
    "fields": {
        "reserva": 5,
        "extra": 1
    }
},
{
    "model": "viajes.extrareserva",
    "pk": 2,
    "fields": {
        "reserva": 13,
        "extra": 1
    }
},
{
    "model": "viajes.extrareserva",
    "pk": 3,
    "fields": {
        "reserva": 8,
        "extra": 1
    }
},
{
    "model": "viajes.extrareserva",
    "pk": 4,
    "fields": {
        "reserva": 11,
        "extra": 2
    }
},
{
    "model": "viajes.extrareserva",
    "pk": 5,
    "fields": {
        "reserva": 6,
        "extra": 3
    }
},
{
    "model": "viajes.extrareserva",
    "pk": 6,
    "fields": {
        "reserva": 11,
        "extra": 3
    }
},
{
    "model": "viajes.extrareserva",
    "pk": 7,
    "fields": {
        "reserva": 10,
        "extra": 3
    }
},
{
    "model": "viajes.extrareserva",
    "pk": 8,
    "fields": {
        "reserva": 15,
        "extra": 4
    }
},
{
    "model": "viajes.extrareserva",
    "pk": 9,
    "fields": {
        "reserva": 5,
        "extra": 4
    }
},
{
    "model": "viajes.extrareserva",
    "pk": 10,
    "fields": {
        "reserva": 13,
        "extra": 4
    }
},
{
    "model": "viajes.extrareserva",
    "pk": 11,
    "fields": {
        "reserva": 13,
        "extra": 5
    }
},
{
    "model": "viajes.extrareserva",
    "pk": 12,
    "fields": {
        "reserva": 7,
        "extra": 6
    }
},
{
    "model": "viajes.extrareserva",
    "pk": 13,
    "fields": {
        "reserva": 2,
        "extra": 6
    }
},
{
    "model": "viajes.extrareserva",
    "pk": 14,
    "fields": {
        "reserva": 3,
        "extra": 6
    }
},
{
    "model": "viajes.extrareserva",
    "pk": 15,
    "fields": {
        "reserva": 7,
        "extra": 7
    }
},
{
    "model": "viajes.extrareserva",
    "pk": 16,
    "fields": {
        "reserva": 14,
        "extra": 7
    }
},
{
    "model": "viajes.extrareserva",
    "pk": 17,
    "fields": {
        "reserva": 5,
        "extra": 8
    }
},
{
    "model": "viajes.extrareserva",
    "pk": 18,
    "fields": {
        "reserva": 6,
        "extra": 8
    }
},
{
    "model": "viajes.extrareserva",
    "pk": 19,
    "fields": {
        "reserva": 1,
        "extra": 9
    }
},
{
    "model": "viajes.extrareserva",
    "pk": 20,
    "fields": {
        "reserva": 7,
        "extra": 9
    }
},
{
    "model": "viajes.extrareserva",
    "pk": 21,
    "fields": {
        "reserva": 15,
        "extra": 9
    }
},
{
    "model": "viajes.extrareserva",
    "pk": 22,
    "fields": {
        "reserva": 3,
        "extra": 10
    }
},
{
    "model": "viajes.extrareserva",
    "pk": 23,
    "fields": {
        "reserva": 1,
        "extra": 11
    }
},
{
    "model": "viajes.extrareserva",
    "pk": 24,
    "fields": {
        "reserva": 14,
        "extra": 11
    }
},
{
    "model": "viajes.extrareserva",
    "pk": 25,
    "fields": {
        "reserva": 7,
        "extra": 11
    }
},
{
    "model": "viajes.extrareserva",
    "pk": 26,
    "fields": {
        "reserva": 14,
        "extra": 12
    }
},
{
    "model": "viajes.extrareserva",
    "pk": 27,
    "fields": {
        "reserva": 11,
        "extra": 13
    }
},
{
    "model": "viajes.extrareserva",
    "pk": 28,
    "fields": {
        "reserva": 7,
        "extra": 14
    }
},
{
    "model": "viajes.extrareserva",
    "pk": 29,
    "fields": {
        "reserva": 14,
        "extra": 14
    }
},
{
    "model": "viajes.extrareserva",
    "pk": 30,
    "fields": {
        "reserva": 2,
        "extra": 14
    }
},
{
    "model": "viajes.extrareserva",
    "pk": 31,
    "fields": {
        "reserva": 10,
        "extra": 14
    }
},
{
    "model": "viajes.extrareserva",
    "pk": 32,
    "fields": {
        "reserva": 13,
        "extra": 15
    }
},
{
    "model": "viajes.extrareserva",
    "pk": 33,
    "fields": {
        "reserva": 3,
        "extra": 15
    }
},
{
    "model": "viajes.extrareserva",
    "pk": 34,
    "fields": {
        "reserva": 4,
        "extra": 15
    }
},
{
    "model": "viajes.extrareserva",
    "pk": 35,
    "fields": {
        "reserva": 4,
        "extra": 7
    }
},
{
    "model": "viajes.extrareserva",
    "pk": 36,
    "fields": {
        "reserva": 3,
        "extra": 1
    }
},
{
    "model": "viajes.extrareserva",
    "pk": 37,
    "fields": {
        "reserva": 15,
        "extra": 13
    }
},
{
    "model": "viajes.extrareserva",
    "pk": 38,
    "fields": {
        "reserva": 1,
        "extra": 6
    }
},
{
    "model": "viajes.extrareserva",
    "pk": 39,
    "fields": {
        "reserva": 2,
        "extra": 11
    }
},
{
    "model": "viajes.extrareserva",
    "pk": 40,
    "fields": {
        "reserva": 14,
        "extra": 10
    }
},
{
    "model": "viajes.extrareserva",
    "pk": 41,
    "fields": {
        "reserva": 4,
        "extra": 13
    }
},
{
    "model": "viajes.extrareserva",
    "pk": 42,
    "fields": {
        "reserva": 2,
        "extra": 14
    }
},
{
    "model": "viajes.extrareserva",
    "pk": 43,
    "fields": {
        "reserva": 6,
        "extra": 9
    }
},
{
    "model": "viajes.extrareserva",
    "pk": 44,
    "fields": {
        "reserva": 10,
        "extra": 8
    }
},
{
    "model": "viajes.extrareserva",
    "pk": 45,
    "fields": {
        "reserva": 4,
        "extra": 4
    }
},
{
    "model": "viajes.extrareserva",
    "pk": 46,
    "fields": {
        "reserva": 6,
        "extra": 9
    }
},
{
    "model": "viajes.extrareserva",
    "pk": 47,
    "fields": {
        "reserva": 4,
        "extra": 4
    }
},
{
    "model": "viajes.extrareserva",
    "pk": 48,
    "fields": {
        "reserva": 15,
        "extra": 5
    }
},
{
    "model": "viajes.extrareserva",
    "pk": 49,
    "fields": {
        "reserva": 5,
        "extra": 3
    }
}
]
